ESPNOW Master Idle (w),ESPNOW Master Normal 1 node (w),ESPNOW Master Normal 2 nodes (w),ESPNOW Master Busy 9 nodes (w)
3.33,3.41,3.54,3.71
3.4,3.46,3.66,3.8
3.54,3.59,3.74,3.86
3.67,3.6,3.7,3.65
3.74,3.7,3.49,3.74
3.66,3.63,3.46,3.82
3.69,3.69,3.5,3.75
3.51,4.24,3.57,3.79
3.72,4.1,3.72,3.72
3.5,3.5,3.6,3.8
3.77,3.68,3.7,3.75
3.51,3.63,3.79,3.74
3.46,3.61,3.68,3.77
3.72,3.79,3.59,3.83
3.54,3.7,3.61,3.71
3.66,3.75,3.45,3.79
3.42,3.41,3.55,3.82
3.48,3.42,3.6,3.68
3.41,3.43,3.62,3.71
3.55,3.5,3.64,3.74
3.54,3.57,3.76,3.8
3.66,3.48,3.68,3.76
3.69,3.71,3.47,3.67
3.31,3.61,3.48,3.65
3.38,3.73,3.54,3.82
3.61,3.44,3.72,4.25
3.66,3.56,3.68,4.18
3.61,3.7,3.71,4.12
3.73,3.6,3.6,3.81
3.51,3.5,3.67,3.79
3.52,3.44,3.51,3.78
3.48,3.48,3.53,3.72
3.62,3.66,3.71,3.9
3.65,3.72,3.64,3.68
3.36,4.09,3.71,3.65
3.49,4.12,3.66,3.73
3.62,3.61,3.67,3.78
3.42,3.67,4.16,3.66
3.38,3.63,4.17,3.65
3.52,3.48,3.73,3.87
3.54,3.41,3.7,3.74
3.63,3.61,3.77,3.83
3.67,3.64,3.5,3.71
3.62,3.59,3.48,3.77
3.33,3.56,3.63,3.85
3.52,3.41,3.64,3.83
3.47,3.47,3.74,3.74
3.46,3.68,3.59,3.86
3.75,3.7,3.69,3.63
3.61,3.66,3.63,3.69
3.42,3.48,3.64,3.73
3.67,3.44,3.66,3.65
3.67,3.49,3.71,3.69
3.38,3.67,3.48,3.73
3.68,3.71,3.51,3.63
3.51,3.62,3.67,3.86
3.69,3.73,3.69,3.67
3.57,3.67,3.47,3.7
3.31,3.64,3.55,3.9
3.68,3.61,3.71,3.82
3.72,3.43,3.55,3.81
3.48,3.52,3.64,3.9
3.66,3.38,3.68,3.74
3.56,3.66,3.71,3.72
3.64,3.64,3.6,3.88
3.74,3.79,3.5,3.83
3.43,3.65,3.44,3.69
3.33,4.08,3.75,3.71
3.53,4.09,3.65,3.76
3.32,3.97,3.7,3.91
3.61,3.53,3.73,3.7
3.42,4,3.53,3.83
3.56,3.6,3.49,3.8
3.51,3.54,3.7,3.86
3.53,4.05,3.65,3.92
3.39,3.58,3.96,3.95
3.38,3.39,3.99,3.71
3.61,4.08,3.85,3.95
3.41,3.62,3.63,3.72
3.49,3.43,4.07,3.92
3.73,3.94,3.76,3.81
3.64,3.64,3.75,3.88
3.71,3.44,4.14,3.79
3.34,3.72,3.52,3.78
3.41,3.76,3.98,3.8
3.75,3.74,4.13,3.76
3.43,4.15,4.07,3.92
3.49,3.5,3.73,3.87
3.5,3.77,3.58,3.83
3.74,3.92,3.82,3.74
3.4,4.15,4.11,3.77
3.61,3.97,3.5,3.65
3.38,3.94,4.07,3.77
3.53,3.6,3.77,3.84
3.32,3.78,3.52,3.9
3.51,3.57,4.1,3.68
3.35,3.44,3.75,3.83
3.54,4.19,3.53,3.79
3.69,3.91,3.81,3.78
3.42,3.59,3.45,3.85
3.47,4.03,3.88,3.96
3.51,3.38,3.47,3.86
3.7,3.9,3.93,4.22
3.55,3.38,3.44,4.08
3.42,3.45,4.03,4
3.42,4.13,3.6,3.73
3.53,3.57,3.58,3.73
3.44,4.06,3.9,3.67
3.53,3.64,4.12,4.17
3.52,3.94,3.96,4
3.34,4.23,3.85,4.07
3.43,4.09,3.95,3.64
3.34,3.86,3.92,4.23
3.61,3.7,3.88,4.15
3.59,4,3.88,3.76
3.62,3.91,3.72,3.74
3.45,3.58,3.62,3.74
3.48,3.86,3.91,3.82
3.65,3.92,3.58,3.96
3.67,3.69,3.5,3.9
3.7,3.39,3.72,3.81
3.72,3.9,4.16,4.01
3.64,3.62,3.99,3.72
3.39,4.11,4.04,3.81
3.52,3.96,3.61,3.86
3.64,3.55,3.53,3.91
3.48,4.15,3.47,4.12
3.68,3.97,3.87,3.75
3.66,3.69,4.11,3.95
3.6,4.17,3.85,4
3.43,3.49,3.83,3.66
3.41,3.78,3.96,4.01
3.71,4.1,4.13,3.74
3.55,3.42,3.87,3.67
3.36,4.02,3.52,4.22
3.7,3.43,3.92,4.23
3.77,3.61,3.77,4.13
3.69,4,3.74,3.82
3.73,3.44,3.84,3.69
3.33,3.96,3.44,4.05
3.61,4.05,3.76,3.9
3.53,3.66,3.78,3.71
3.74,3.5,4.15,3.94
3.52,3.93,3.46,3.65
3.59,3.91,3.9,4.19
3.63,4.23,3.51,3.79
3.72,3.76,4.05,4.04
3.58,3.84,3.71,3.82
3.35,4.04,4.07,3.95
3.38,4.11,3.68,3.97
3.77,3.55,4.14,3.74
3.31,3.63,3.46,4.23
3.56,3.74,3.86,4.11
3.44,4.2,3.76,4.21
3.77,3.51,3.47,4.18
3.59,3.63,3.6,4
3.55,3.71,3.44,4.2
3.72,3.61,4.03,3.68
3.35,4.09,4.03,3.75
3.72,3.9,3.86,3.66
3.65,3.38,3.57,3.83
3.48,3.39,3.77,3.87
3.51,4.14,3.7,3.8
3.42,3.5,3.46,4.14
3.32,3.96,3.87,3.85
3.48,3.48,3.94,3.8
3.51,4.13,3.48,3.97
3.42,3.59,3.58,3.72
3.63,3.41,3.77,4.13
3.34,3.87,3.75,3.68
3.72,3.69,4.16,4.24
3.41,3.7,4.03,4.11
3.39,3.51,3.56,3.75
3.31,4.08,4.13,3.63
3.45,3.43,3.63,4.14
3.55,4.07,4.1,4.07
3.35,3.78,3.92,4.08
3.42,4.01,3.74,4.11
3.35,3.97,3.92,3.68
3.43,4.11,4.08,3.85
3.64,4.22,4,3.7
3.44,3.71,4.12,4.17
3.32,3.54,3.98,4.02
3.7,4,3.69,3.84
3.53,3.75,3.55,3.67
3.34,4,3.64,3.82
3.62,3.73,3.46,3.83
3.75,3.99,3.7,4.08
3.62,3.99,4.01,4.03
3.58,3.41,4.06,4.18
3.34,3.56,3.45,3.92
3.53,3.44,4.07,3.7
3.68,3.61,3.59,4.07
3.51,3.83,3.93,4.1
3.74,4.06,4.1,3.98
3.63,4.03,3.58,4.11
3.42,3.81,3.65,3.94
3.59,3.41,3.74,3.95
3.55,3.87,4.07,3.9
3.61,3.68,4.14,3.65
3.64,3.42,3.75,3.7
3.32,4.14,3.9,3.65
3.51,3.9,3.57,4.02
3.56,3.6,3.73,3.82
3.64,3.47,3.62,3.95
3.62,4.01,3.91,4.19
3.54,3.43,4.02,3.78
3.33,4.22,4.13,3.88
3.5,4.13,3.53,4.1
3.48,4.02,3.79,3.77
3.38,3.77,3.78,3.68
3.62,3.47,3.62,3.81
3.35,3.99,3.7,3.73
3.54,3.75,3.45,4.21
3.32,3.71,3.83,4.13
3.31,3.52,4.09,4.02
3.58,4.2,4.13,4.17
3.66,3.61,3.87,4.13
3.41,4.17,3.89,3.75
3.63,3.77,3.7,4.18
3.72,3.64,3.99,3.96
3.73,4.21,3.79,4.13
3.59,3.9,4.08,4.19
3.74,3.61,3.68,3.83
3.63,3.79,3.53,3.7
3.74,3.55,4.14,3.77
3.74,3.55,3.96,3.89
3.47,3.54,3.53,4.14
3.57,4.18,3.7,4.16
3.69,3.64,3.45,3.63
3.76,3.54,3.9,3.95
3.48,3.72,3.8,3.89
3.31,3.7,4.08,3.77
3.51,3.65,3.95,3.7
3.66,4.12,3.84,3.84
3.64,4.1,3.53,4.21
3.7,4.04,4.07,3.83
3.4,3.87,4.11,3.95
3.65,3.58,3.59,4.07
3.54,3.47,3.76,3.86
3.42,4.14,3.73,4.23
3.6,3.49,3.89,4.23
3.72,3.64,3.63,3.79
3.67,4.02,4.17,3.94
3.67,3.82,3.87,3.82
3.44,3.48,3.81,3.81
3.7,3.65,3.52,3.65
3.65,4.19,3.67,4.01
3.31,3.94,3.71,3.94
3.5,3.78,3.86,3.66
3.57,3.4,3.66,3.8
3.45,3.73,4.16,4.19
3.72,3.42,4.06,3.78
3.54,4.09,3.57,3.72
3.66,3.84,3.74,3.93
3.39,3.56,3.86,4.24
3.45,3.45,3.64,3.78
3.55,3.51,4.11,4.05
3.33,3.69,3.61,4.1
3.47,3.98,3.8,3.78
3.7,3.81,3.94,4.08
3.38,3.94,4.06,3.86
3.76,4.09,3.78,4.02
3.34,3.38,3.94,4.02
3.76,3.57,3.45,3.96
3.7,4.17,3.7,3.69
3.53,4.19,4.04,4.15
3.65,3.67,4.08,3.83
3.66,3.97,3.66,3.75
3.36,3.98,3.53,3.66
3.46,3.99,3.65,4
3.52,3.84,3.87,4.05
3.41,4.22,3.64,3.64
3.38,3.99,3.47,3.95
3.66,3.48,4.06,3.77
3.61,3.79,3.77,4.03
3.42,3.59,4.05,3.74
3.43,3.92,3.5,4.06
3.33,4.14,3.89,3.87
3.44,3.98,3.49,4.21
3.5,3.55,3.9,3.72
3.32,3.42,3.5,3.84
3.63,3.46,3.74,3.7
3.41,4.12,4.16,4.2
3.68,3.97,3.67,4.17
3.44,4.06,3.78,3.79
3.48,3.61,3.83,4.04
3.73,4.02,4.17,4.14
3.41,4.19,3.51,3.97
3.71,3.87,3.67,3.96
3.44,3.48,3.99,3.78
3.59,3.73,3.77,3.69
3.66,4.01,4.06,4.19
3.49,3.51,3.91,4.19
3.52,3.65,3.92,4.02
3.33,4.24,3.97,3.84
3.61,3.99,4.13,3.85
3.64,4.05,3.55,4.08
3.33,3.54,3.97,4.19
3.56,3.94,3.9,4.18
3.63,4.2,3.5,4.11
3.67,3.61,3.44,4.03
3.65,3.7,3.73,3.68
3.6,3.5,3.89,3.73
3.62,3.88,3.57,4.19
3.57,4.17,3.86,4.01
3.31,3.43,3.77,3.64
3.43,4.2,3.75,3.69
3.7,3.99,3.72,4.04
3.35,3.7,3.54,3.63
3.75,3.45,3.47,3.73
3.61,3.71,3.69,3.97
3.65,4.14,3.75,4.06
3.33,4.11,3.86,4.03
3.42,3.42,3.76,3.77
3.37,4.12,3.86,4.07
3.56,3.58,4.14,3.78
3.36,3.71,4.13,3.83
3.53,3.41,4.05,4.09
3.47,4.06,3.64,4.03
3.51,3.59,3.68,4.16
3.45,3.39,4.11,4.04
3.64,3.85,3.97,3.98
3.47,4.05,4.1,3.69
3.56,3.88,4.11,3.86
3.43,3.99,3.74,3.79
3.49,3.86,3.5,3.78
3.54,3.99,3.97,4.23
3.75,4.2,3.93,3.87
3.35,3.95,4.08,4.18
3.46,4.18,3.84,4.02
3.37,4.16,3.7,4.12
3.58,3.56,4.08,3.94
3.74,3.72,3.77,3.99
3.65,4.23,3.9,3.94
3.4,3.77,3.49,3.75
3.35,3.76,3.63,4.08
3.32,4.18,3.61,3.8
3.74,3.58,3.57,3.65
3.33,4.1,3.49,4.03
3.36,3.98,3.76,3.74
3.44,3.61,3.73,4.21
3.48,3.78,3.85,4.22
3.47,3.51,4.11,4.2
3.55,4.03,3.7,3.86
3.72,4.05,4.11,3.64
3.44,4.06,3.79,4.21
3.53,3.95,3.49,3.9
3.71,4.1,3.81,4.23
3.48,3.48,3.98,4.23
3.61,3.55,3.49,4.16
3.77,4,3.68,3.81
3.51,3.91,3.61,3.87
3.72,4.07,4.14,4.16
3.54,3.44,4.13,3.83
3.37,3.73,4.15,3.74
3.76,4.04,3.45,3.98
3.59,3.77,4.12,4.21
3.36,3.61,3.63,4.06
3.62,3.66,4.06,3.98
3.44,3.69,4.14,3.69
3.74,4.21,3.53,4.01
3.34,3.9,3.76,4.24
3.51,3.57,3.47,3.72
3.42,3.73,3.86,3.95
3.51,3.8,3.63,4.17
3.56,4.16,4.03,4.09
3.66,4.04,3.95,4.06
3.63,3.58,3.71,4.07
3.68,3.82,3.51,3.85
3.61,3.88,3.95,3.81
3.63,4.1,3.66,4.13
3.65,3.57,4.04,4.13
3.46,3.9,3.84,4.17
3.7,4.17,4.04,4.2
3.46,3.92,3.82,3.95
3.63,4.03,3.63,3.94
3.58,4.11,3.87,4.12
3.53,3.6,4.1,4.03
3.42,3.78,3.52,4.07
3.56,4.11,4.11,4.12
3.44,4.11,3.68,4.18
3.43,3.64,3.69,3.84
3.65,3.92,3.8,3.86
3.65,4.06,3.75,3.69
3.41,3.78,3.76,3.99
3.73,3.65,3.58,3.65
3.72,3.49,3.52,3.92
3.5,3.4,4.16,3.97
3.42,3.62,3.95,3.81
3.51,3.44,3.95,4
3.46,3.73,3.82,3.65
3.65,3.51,3.56,3.65
3.48,3.43,4.15,4.14
3.46,3.63,3.58,3.85
3.34,3.63,4.12,3.71
3.35,4,3.98,3.95
3.54,3.73,3.88,4.11
3.59,3.61,3.7,3.76
3.76,4.22,3.6,4.02
3.41,4.23,3.92,3.68
3.55,4.21,3.88,3.66
3.6,4.06,3.68,3.96
3.59,3.92,3.86,3.97
3.44,4.12,4.04,4.03
3.43,3.73,4.09,4.08
3.74,3.42,3.98,4.24
3.63,3.67,3.85,3.95
3.56,3.62,3.79,3.83
3.61,3.8,3.76,4.12
3.37,3.73,3.67,3.8
3.4,3.78,3.91,3.9
3.47,3.71,3.79,3.68
3.48,3.99,4.09,3.65
3.6,3.5,3.96,4.23
3.6,4.2,3.46,4.15
3.36,3.42,3.6,4.06
3.42,3.59,3.59,3.88
3.5,3.96,3.91,3.74
3.44,3.47,3.77,3.73
3.71,3.66,4.12,3.79
3.48,3.67,3.57,3.97
3.7,3.92,3.78,4.07
3.73,3.4,3.97,4.04
3.41,3.72,3.77,3.8
3.39,4,3.75,4.22
3.36,3.59,3.69,4.09
3.66,3.56,3.65,3.97
3.33,4.22,4,4.01
3.34,4.15,3.76,3.89
3.49,4.16,3.99,3.78
3.48,4.17,4.1,3.85
3.33,4.18,4.06,4.1
3.69,3.53,3.98,3.64
3.36,3.93,4.04,3.7
3.57,3.78,4.07,3.66
3.65,4.13,4.13,3.66
3.45,3.94,4.02,4.16
3.74,4.22,3.49,4.07
3.7,3.95,3.68,3.92
3.46,3.68,3.87,3.69
3.7,3.69,3.98,3.93
3.46,3.43,3.44,3.92
3.71,4.02,3.48,3.74
3.72,4.04,3.73,3.9
3.69,3.79,3.81,3.88
3.38,3.9,3.45,4.01
3.64,3.94,4.14,4.02
3.45,3.82,3.89,3.66
3.51,3.55,3.94,3.86
3.77,3.56,3.59,4.02
3.62,3.62,3.74,3.94
3.71,3.57,3.79,4.16
3.64,4.17,4.1,4.04
3.77,3.69,3.68,3.73
3.53,4.14,4.06,3.67
3.37,3.55,3.56,4.03
3.32,3.9,3.73,3.65
3.32,4.17,3.94,3.99
3.6,4.09,4.17,4.21
3.54,3.9,3.74,3.99
3.59,4.24,3.51,3.87
3.61,4.19,3.53,4.03
3.7,3.5,3.54,3.91
3.69,4,3.81,3.97
3.7,3.87,3.83,4.21
3.42,3.63,4,3.87
3.31,3.77,3.92,4.23
3.52,3.38,3.87,4.19
3.49,3.39,3.73,3.75
3.34,3.59,3.97,3.67
3.67,3.71,3.67,3.69
3.61,4.19,3.51,3.64
3.35,3.73,3.52,3.69
3.7,4.11,3.97,4.05
3.65,3.87,3.63,3.67
3.39,3.49,3.75,3.83
3.47,4.11,4,4.15
3.46,3.86,3.93,3.64
3.53,3.71,3.67,4.13
3.4,4.07,3.99,3.8
3.38,3.4,3.48,3.7
3.46,3.54,3.55,4.06
3.71,3.68,4.04,4.02
3.56,3.54,3.66,4.17
3.38,3.92,3.64,4.09
3.65,3.71,3.5,4.13
3.66,3.98,3.9,3.8
3.75,3.5,3.53,3.74
3.48,3.85,3.87,4.1
3.51,3.89,3.62,4.13
3.52,3.84,3.52,4.24
3.57,3.91,3.97,3.89
3.42,4.05,3.47,3.86
3.66,3.81,4,4.11
3.74,3.39,3.72,3.84
3.4,4.18,3.94,4.21
3.41,3.74,3.71,4.16
3.71,4.07,3.78,3.9
3.63,3.48,3.71,4.1
3.69,3.91,3.72,4.1
3.67,4.16,3.79,3.69
3.61,4.2,3.71,4.19
3.51,4.02,3.68,3.94
3.56,3.49,3.94,4.14
3.6,4.18,3.63,3.83
3.42,3.99,3.72,4.19
3.6,3.87,3.48,3.87
3.61,3.8,3.59,3.64
3.48,3.94,3.54,4.19
3.42,3.41,4.14,3.69
3.37,3.94,3.69,3.83
3.7,3.79,3.69,4.22
3.39,4.02,3.85,4.22
3.33,3.47,3.9,3.99
3.44,3.67,4.12,4.02
3.7,3.6,4.04,3.91
3.71,3.78,3.62,3.81
3.49,3.6,3.55,3.83
3.76,3.88,3.86,4.05
3.41,4.13,3.75,4.1
3.7,3.84,3.62,4.12
3.53,3.74,3.63,4.12
3.4,3.52,4.08,3.69
3.37,4.06,3.77,3.94
3.52,3.81,3.89,3.67
3.74,3.92,3.68,3.97
3.65,3.72,3.69,3.9
3.5,3.65,3.46,4.18
3.52,3.83,3.47,3.85
3.46,4.09,3.75,3.7
3.47,4.02,4.1,3.72
3.71,3.66,4.16,4.1
3.68,3.91,3.62,4.01
3.59,3.7,3.81,3.69
3.59,3.5,3.94,3.68
3.75,3.7,3.99,4.06
3.56,3.48,3.72,3.68
3.32,3.39,3.86,4.14
3.47,3.95,3.67,4.07
3.72,3.77,3.78,3.68
3.45,3.94,3.77,3.68
3.71,4.09,3.74,4.24
3.36,3.57,3.5,3.86
3.56,3.63,3.57,3.86
3.66,3.4,4.1,4.13
3.64,4.24,3.87,4.22
3.36,3.81,4.02,4.24
3.76,3.92,3.96,4.1
3.65,4.16,3.64,3.86
3.72,3.41,4.17,3.68
3.62,4.19,4.13,4.11
3.37,3.73,3.61,3.98
3.71,4.01,3.94,3.89
3.5,3.7,3.54,4.19
3.5,3.72,3.61,3.7
3.66,4.18,3.69,3.94
3.55,3.76,3.81,3.64
3.34,3.4,3.51,3.92
3.75,4.15,3.98,3.66
3.76,4.19,3.84,3.7
3.43,3.86,3.53,3.7
3.67,3.67,3.47,4.03
3.4,3.78,4.15,4.09
3.46,3.73,4.03,3.99
3.58,3.88,4.13,4.23
3.53,3.74,4.15,3.86
3.39,3.85,3.95,3.81
3.39,4.03,3.48,4.17
3.39,3.94,3.98,3.77
3.52,3.6,3.49,4.23
3.75,4,3.89,3.64
3.47,3.84,4.03,4.23
3.63,4.05,3.71,3.66
3.4,3.55,3.48,4.18
3.48,3.39,4.07,3.96
3.47,3.89,3.9,4.25
3.62,3.67,4.04,3.68
3.44,3.83,3.83,3.97
3.4,4.08,4.08,4.23
3.43,3.76,3.76,3.95
3.51,3.75,3.51,4.02
3.49,4.23,3.66,4.06
3.68,3.92,3.8,3.91
3.43,4.02,3.98,4.02
3.71,4.14,3.97,3.99
3.73,3.56,3.96,4.19
3.61,3.55,4.01,3.66
3.35,3.96,4.06,3.8
3.49,3.4,3.78,4.22
3.65,3.85,3.98,4.18
3.33,3.55,3.67,3.91
3.71,3.7,3.64,4.01
3.52,3.75,4.04,3.8
3.54,3.52,3.67,3.75
3.4,3.48,3.68,3.92
3.71,3.41,3.58,3.85
3.76,3.48,3.79,3.99
3.31,3.83,4.03,3.68
3.63,3.54,3.65,4.23
3.46,3.88,4.06,4.24
3.55,3.39,3.82,4.06
3.72,3.81,3.95,3.96
3.75,3.56,3.96,3.82
3.43,3.67,3.93,4.13
3.64,3.42,3.49,4.05
3.59,4.19,3.59,3.73
3.65,3.88,3.64,4.19
3.75,4.21,3.59,4.14
3.46,4.11,4.1,4.22
3.74,4.08,4.16,4.08
3.62,4.2,3.58,4.01
3.71,4.11,3.67,3.89
3.4,3.47,3.83,4.21
3.49,4.09,4.1,4.17
3.6,3.62,4.13,3.66
3.76,3.87,3.61,3.65
3.75,3.62,4.07,3.86
3.44,3.87,3.94,4.13
3.69,3.47,3.78,4.24
3.6,3.47,4.11,3.72
3.34,3.5,3.73,4
3.74,3.53,3.91,3.87
3.5,3.48,3.93,4.23
3.48,3.86,4.09,4.15
3.43,4.22,4.1,4.15
3.32,4.14,3.93,3.92
3.5,3.46,3.97,3.89
3.57,3.59,3.92,3.8
3.62,3.4,4.11,3.66
3.72,3.69,3.87,4.17
3.74,3.49,4.05,4.13
3.65,3.9,3.46,4.25
3.39,3.62,3.82,4.25
3.36,3.58,4.02,3.97
3.61,3.42,3.7,4.11
3.75,3.65,3.97,4.22
3.33,3.5,4.1,4.16
3.5,3.68,3.69,3.78
3.32,4.19,4.16,3.91
3.43,3.5,4.16,3.71
3.76,4.04,3.75,4.22
3.43,4.04,3.46,4.01
3.41,3.39,3.86,3.77
3.63,3.44,3.66,4.05
3.68,3.61,4.05,4.01
3.49,3.41,3.48,3.85
3.51,3.51,3.84,3.7
3.33,3.5,4.01,4.05
3.46,3.67,4.1,3.95
3.48,3.71,3.93,4.11
3.59,3.72,3.69,3.95
3.37,3.84,4.09,4.16
3.5,3.77,3.65,3.97
3.39,3.39,3.66,3.98
3.73,4,3.47,4.17
3.43,4.21,3.83,3.88
3.64,4.21,3.78,3.71
3.56,3.45,3.72,3.65
3.38,3.75,3.76,4.1
3.42,3.95,3.63,4.01
3.46,3.8,3.74,4.07
3.59,4.06,3.72,3.76
3.49,3.83,4.17,3.71
3.53,3.8,4.14,3.64
3.33,3.5,4.06,3.85
3.4,3.65,3.47,4
3.65,3.8,3.8,3.87
3.68,4.03,3.75,3.9
3.58,4.19,3.57,4.19
3.69,4.19,3.73,3.85
3.45,3.45,3.71,3.95
3.4,3.55,4.06,4.12
3.71,4.21,4.1,3.88
3.7,3.63,3.75,4.02
3.67,3.4,3.78,4.16
3.55,4.21,3.57,4.22
3.57,3.91,4.12,3.72
3.63,3.6,3.72,4.2
3.54,3.52,3.68,3.94
3.74,4.15,4.01,3.79
3.43,3.83,3.84,3.91
3.58,3.95,3.53,4.24
3.59,3.92,3.66,3.94
3.69,3.8,3.61,3.83
3.45,4.15,4.15,4.02
3.74,4.21,3.7,3.78
3.52,3.51,3.63,3.68
3.73,4.17,3.78,3.71
3.43,3.44,3.96,3.71
3.64,3.53,4.1,3.72
3.51,3.48,3.86,3.72
3.48,3.96,3.59,4.03
3.76,3.93,4.12,3.74
3.55,3.99,3.5,3.84
3.44,3.49,4.13,4.19
3.67,4.09,3.98,3.92
3.56,4.03,4.17,4.04
3.38,3.39,3.52,3.74
3.66,3.7,4.02,3.75
3.69,4.09,3.86,3.66
3.7,4.06,3.76,3.73
3.48,4.08,3.83,3.8
3.51,3.51,3.83,3.74
3.57,4.1,4.06,3.68
3.72,3.8,3.77,3.7
3.36,4.12,3.58,3.92
3.42,4.04,3.88,3.76
3.75,3.79,3.56,3.86
3.69,3.7,3.51,3.94
3.63,3.86,3.99,4.06
3.64,3.66,4.12,3.65
3.43,3.68,3.75,4.13
3.72,3.8,3.88,4.02
3.4,4.2,3.79,3.68
3.75,3.49,3.84,4.17
3.69,3.47,3.69,4.2
3.33,4.04,4.07,3.67
3.46,3.5,3.9,3.8
3.6,3.53,4.12,4.13
3.42,4,3.65,4.09
3.53,3.59,3.72,3.74
3.73,3.98,3.77,3.76
3.61,3.76,4.13,3.86
3.58,3.58,4.03,3.93
3.41,3.61,3.81,4.01
3.6,3.59,4.09,3.86
3.51,3.65,3.48,3.92
3.56,4.11,3.78,4.09
3.48,3.44,3.89,3.65
3.61,3.63,3.48,3.79
3.57,4.04,4.14,4.07
3.49,4.05,4.01,4.19
3.46,3.8,4.03,3.95
3.5,4.09,3.74,3.96
3.4,3.71,3.86,3.7
3.64,3.72,3.75,3.91
3.63,3.72,3.8,3.96
3.45,4,4.07,3.78
3.69,3.65,3.98,3.8
3.63,3.8,3.85,3.86
3.34,3.53,4.14,3.64
3.7,3.98,3.77,3.83
3.75,3.92,3.75,3.76
3.44,3.63,3.51,3.83
3.32,4.22,3.77,3.7
3.57,3.5,3.73,4.18
3.5,3.49,3.57,4
3.68,4.1,4.03,4.05
3.51,3.94,3.67,4.12
3.57,3.9,3.51,3.94
3.35,3.82,3.81,3.68
3.66,3.42,4.13,3.96
3.52,3.71,4.08,3.99
3.51,3.76,3.87,4.09
3.45,3.53,3.78,3.9
3.36,3.95,3.9,3.71
3.56,3.84,4.11,3.81
3.55,4.1,3.66,3.86
3.6,3.66,3.86,4.03
3.59,3.97,3.62,3.98
3.37,3.81,3.72,3.85
3.32,4.04,4.13,4.24
3.66,3.53,4.04,4.01
3.71,3.54,3.6,3.78
3.76,4.1,3.71,3.69
3.65,3.99,3.85,3.72
3.33,3.46,3.89,3.78
3.36,3.42,4.11,3.73
3.61,3.58,3.66,3.75
3.64,3.79,4.01,3.81
3.72,4.19,3.68,3.74
3.67,3.8,3.69,4.19
3.62,4.06,4.08,3.68
3.33,4.15,3.44,3.96
3.33,3.78,3.7,3.88
3.65,4.18,3.88,4.24
3.46,3.96,3.94,3.7
3.52,4.02,3.73,3.88
3.33,3.39,3.78,4.23
3.65,4.04,3.93,4.17
3.57,3.9,3.76,4.14
3.6,4.2,3.8,3.79
3.68,3.83,3.51,3.74
3.65,4.11,3.56,4.04
3.4,4.09,3.96,4.21
3.41,3.84,3.89,3.98
3.43,3.64,3.44,3.98
3.49,3.78,3.48,3.8
3.44,3.57,3.87,4.11
3.45,3.89,3.84,3.75
3.64,3.88,3.78,3.83
3.51,3.98,3.57,3.89
3.53,4.2,3.53,3.94
3.5,3.73,3.94,3.78
3.74,3.44,4.06,3.7
3.48,4.22,3.74,4.01
3.69,3.62,3.44,3.81
3.4,4.04,3.86,3.99
3.74,3.83,3.76,3.73
3.5,4.01,3.86,3.93
3.71,3.52,3.59,3.96
3.54,3.45,3.45,3.66
3.72,3.8,3.49,3.84
3.4,3.79,4.03,3.71
3.74,3.51,3.8,3.67
3.53,3.99,3.79,4.24
3.71,3.93,3.52,3.83
3.7,4.24,3.99,4.13
3.47,3.5,3.48,3.79
3.5,4.2,4.03,4.05
3.32,4.03,3.96,4.1
3.59,3.75,3.97,4
3.53,3.63,4.05,3.92
3.41,3.78,3.9,3.89
3.4,3.58,4.11,3.85
3.52,3.72,3.83,4.21
3.38,3.82,3.45,4.14
3.38,3.91,3.6,4.23
3.69,3.41,3.76,3.71
3.32,4.21,3.72,4.08
3.52,4.19,4.12,4.21
3.53,3.58,3.63,3.74
3.6,3.79,3.79,3.67
3.67,3.93,4.17,4.09
3.51,4.09,4.02,3.99
3.35,3.44,3.44,4.15
3.72,3.52,3.56,3.72
3.72,4.19,3.57,4.12
3.45,3.66,3.77,3.76
3.71,3.88,3.79,3.73
3.4,3.46,3.47,3.73
3.69,3.89,3.88,4.14
3.75,4.18,3.99,4.04
3.74,4.05,4.16,3.95
3.64,3.54,3.71,3.85
3.73,3.64,4.02,4.17
3.7,3.62,3.8,3.87
3.48,4.23,3.91,4.14
3.48,4.07,3.73,3.9
3.51,3.97,4,3.86
3.73,3.56,3.61,3.92
3.68,3.56,3.65,3.82
3.39,3.77,3.83,4.09
3.7,3.63,3.79,3.94
3.74,3.65,3.5,3.77
3.32,4.04,3.58,4.19
3.45,3.47,4.07,3.87
3.55,3.46,3.55,3.97
3.63,3.86,4.12,4.19
3.38,3.69,3.5,4.02
3.56,3.82,3.58,3.7
3.54,3.5,3.95,4.21
3.39,3.42,3.81,4.02
3.42,3.99,4.06,3.84
3.39,3.44,3.83,3.72
3.56,3.42,4.03,4.12
3.47,3.6,4.07,4.01
3.66,3.68,3.54,3.96
3.6,4.2,4.06,4.18
3.6,3.7,4.04,4.12
3.48,3.9,4.07,3.72
3.65,4.03,3.96,3.82
3.75,4.23,3.78,3.78
3.74,3.39,3.51,4.09
3.6,3.6,3.6,3.65
3.35,3.92,3.49,3.98
3.66,4.16,3.53,4.1
3.75,3.64,3.6,4.17
3.36,3.87,3.9,3.84
3.55,4.11,4.1,4.14
3.59,3.61,4.1,3.7
3.69,3.44,3.89,4.15
3.36,3.79,3.52,3.71
3.42,3.99,3.59,3.88
3.38,3.98,3.59,4.12
3.54,3.52,3.74,3.72
3.63,3.43,4.1,3.77
3.37,4.11,3.9,4.08
3.66,4.02,3.84,4.08
3.68,4.12,3.61,4.03
3.59,4.04,3.53,4.06
3.58,3.69,4.1,3.97
3.73,3.72,3.95,3.79
3.45,3.52,4.04,3.84
3.45,4.09,4.05,3.74
3.73,3.82,3.64,4.19
3.57,3.63,3.64,3.99
3.44,3.75,4.02,3.88
3.66,3.83,3.7,3.92
3.35,3.51,3.62,4.22
3.72,3.39,4.03,3.73
3.51,4.17,3.89,3.99
3.74,3.83,3.96,3.94
3.72,4.04,3.89,4.01
3.45,3.6,3.45,3.64
3.39,4.22,3.71,4.17
3.61,3.42,3.78,4.21
3.67,3.51,4.06,3.98
3.73,3.53,3.68,4.06
3.5,4.07,3.61,4.2
3.45,4.04,3.96,4.07
3.34,3.6,3.89,3.72
3.65,3.52,4.01,3.99
3.4,3.51,3.79,4.01
3.67,3.61,4.07,3.89
3.56,3.93,4.15,4.09
3.67,3.79,3.95,4.21
3.61,3.78,4.01,4.2
3.53,3.68,4.09,3.91
3.33,3.47,3.91,3.7
3.35,3.39,4.07,4.24
3.53,3.81,3.73,4.15
3.48,3.4,3.45,3.71
3.59,3.93,3.72,4.2
3.56,3.44,3.63,4.17
3.67,3.63,3.93,3.95
3.52,3.45,3.9,4
3.45,3.73,3.95,3.88
3.5,3.47,4.03,3.66
3.58,3.89,3.48,3.84
3.72,4.07,3.65,4.13
3.77,4,3.56,3.63
3.77,4.03,3.47,3.84
3.42,4.06,3.7,3.88
3.71,3.53,4.08,3.96
3.55,4.02,4.02,4.2
3.77,3.96,4,3.84
3.45,3.93,3.8,3.85
3.63,3.92,4.01,4.09
3.56,3.84,4.07,3.91
3.61,4.2,3.71,3.77
3.51,3.64,3.85,3.91
3.74,3.88,3.8,3.72
3.77,4.23,3.66,3.74
3.58,3.51,3.56,3.94
3.45,3.98,3.73,3.89
3.41,4.03,3.56,4.2
3.62,3.96,3.9,3.85
3.6,3.45,4.01,3.99
3.38,3.86,3.82,4.02
3.35,3.91,3.63,3.64
3.73,3.54,4.04,4.04
3.41,4.03,3.87,3.74
3.47,4.16,3.61,4.23
3.44,4.07,4.07,3.72
3.68,3.96,3.95,3.89
3.58,4.08,4.03,3.68
3.58,3.53,3.92,4.25
3.58,3.9,3.86,3.94
3.45,4.15,3.62,4
3.7,4.17,4.16,3.67
3.63,4.11,3.64,4.09
3.55,3.78,3.7,3.76
3.75,4.17,3.99,4.19
3.37,3.92,4.03,3.76
3.7,4.17,3.75,3.75
3.52,3.86,4.14,3.65
3.67,3.54,3.63,3.92
3.4,3.59,3.88,3.98
3.48,3.45,3.46,3.67
3.76,3.96,4.06,4.11
3.63,4.1,3.7,3.91
3.49,3.94,3.68,3.96
3.52,3.77,3.87,3.9
3.56,3.98,3.79,3.88
3.59,3.78,3.89,3.98
3.32,4.11,3.76,3.73
3.66,3.48,4.08,3.74
3.71,3.38,3.69,4.16
3.58,3.72,3.89,4.22
3.74,3.64,3.81,3.86
3.69,3.99,3.92,3.8
3.7,3.48,3.56,4.03
3.33,4.16,3.48,3.88
3.48,4.16,3.88,3.65
3.5,4.19,3.69,3.73
3.32,4.1,3.96,4.07
3.48,3.81,3.81,4.04
3.34,4.04,3.89,3.65
3.33,3.43,4.16,3.77
3.6,3.57,3.98,3.77
3.37,4.1,3.99,4.05
3.38,3.49,4.13,3.64
3.32,3.68,3.75,3.69
3.58,3.69,3.65,4.13
3.57,3.9,4.1,3.74
3.32,4.06,3.57,4.03
3.46,3.95,3.96,3.78
3.53,3.65,3.8,3.69
3.49,3.5,4.05,3.78
3.7,4.16,3.5,4.08
3.42,4.22,3.51,4.16
3.35,3.91,3.67,4.14
3.66,3.94,4.15,3.88
3.6,3.97,4.03,4.04
3.56,3.55,3.88,3.76
3.4,3.89,3.85,3.81
3.71,3.73,3.54,4.19
3.33,4.03,3.75,3.64
3.51,3.86,4.16,3.68
3.37,3.64,4,3.76
3.47,4.14,3.71,3.65
3.36,3.71,3.49,3.74
3.55,3.55,3.85,3.99
3.62,3.57,3.9,3.89
3.58,4.17,3.74,4.18
3.31,4.17,3.62,4.14
3.53,3.67,4.09,3.84
3.51,4.16,3.68,3.79
3.55,3.8,3.55,3.87
3.36,3.92,3.92,4
3.71,3.69,3.58,3.8
3.35,4.23,3.57,4.02
3.64,4.13,3.45,3.88
3.43,4.22,4.12,3.97
3.45,3.8,3.76,3.9
3.68,4.14,4.16,3.81
3.44,4.09,4.03,4.22
3.58,4.02,4.08,4.1
3.64,3.75,4.1,3.72
3.77,3.42,4.14,4.17
3.43,3.45,3.75,3.93
3.61,4.19,3.91,4.18
3.43,3.72,3.92,4.13
3.42,3.65,3.58,3.89
3.47,3.4,3.92,3.64
3.58,4,3.58,3.8
3.6,3.69,3.49,3.97
3.75,3.86,4.08,4.02
3.62,3.45,4.12,3.79
3.46,4.1,3.84,3.72
3.32,3.84,3.69,4.15
3.35,3.49,3.92,4.24
3.74,3.71,3.56,3.96
3.38,3.52,3.81,3.74
3.74,3.5,3.95,3.8
3.51,3.63,3.74,3.64
3.59,4.22,3.78,4.2
3.35,3.73,3.5,3.7
3.76,3.56,3.99,3.99
3.57,3.74,3.78,3.8
3.46,4.15,3.85,3.97
3.55,3.65,3.85,4.03
3.43,3.94,4.03,4.14
3.41,4.03,4.13,3.76
3.69,3.52,3.8,3.64
3.45,3.68,4.07,3.71
3.68,3.78,3.64,4.19
3.41,3.85,3.54,4.17
3.74,3.96,3.75,4
3.6,3.93,4,4
3.34,3.4,3.99,4.04
3.63,4.02,3.93,3.74
3.52,4.03,3.94,4.2
3.68,3.82,3.8,3.89
3.4,4.09,3.81,3.87
3.41,3.97,4.06,3.95
3.38,4.01,3.54,3.66
3.5,3.68,3.5,3.73
3.6,3.57,3.73,4.09
3.64,3.42,3.59,3.68
3.36,4.18,3.52,4
3.32,3.98,3.76,3.78
3.62,4.05,3.84,3.87
3.69,4.05,3.62,3.81
3.32,3.56,4.07,3.85
3.34,3.81,3.56,4.08
3.7,3.7,3.93,3.81
3.69,3.89,3.56,3.98
3.72,4.16,3.71,3.93
3.6,3.59,3.9,4.04
3.58,3.9,4.15,4.21
3.39,3.43,4.15,4.08
3.62,3.49,3.69,3.76
3.47,3.59,3.88,3.65
3.5,3.87,3.67,3.79
3.76,3.99,4.13,4
3.53,4.2,3.72,3.66
3.7,3.83,3.7,3.94
3.43,3.91,3.82,4
3.57,3.9,3.51,3.84
3.43,3.7,4.14,4.11
3.61,3.46,3.8,3.7
3.44,3.55,3.47,3.68
3.61,3.99,3.62,4.08
3.7,4.03,3.82,3.94
3.58,3.62,3.53,4.06
3.33,3.47,3.85,3.9
3.32,3.63,3.97,3.78
3.62,3.87,4.14,4.14
3.74,3.63,3.81,4.13
3.77,3.39,4.13,4.06
3.31,3.6,3.9,3.8
3.48,4.12,3.62,4
3.64,3.52,3.67,3.85
3.45,3.58,3.85,3.69
3.65,3.71,3.81,4.2
3.5,4.24,3.53,3.71
3.35,3.4,3.52,4.22
3.35,3.74,3.54,3.91
3.71,3.46,3.5,3.74
3.73,3.44,4.02,3.97
3.62,4.02,4.03,4.17
3.55,3.87,3.81,4.08
3.7,3.41,3.64,4.13
3.77,3.71,3.64,4.04
3.49,3.56,3.57,4.06
3.37,3.42,3.83,4.16
3.39,4,3.73,3.78
3.67,4.1,3.44,3.93
3.52,4.14,3.55,3.77
3.33,3.7,4.15,4.24
3.75,3.45,4.15,4.22
3.53,4.09,4.05,3.65
3.58,3.85,3.61,4.07
3.47,3.76,4.02,4.2
3.76,3.98,3.61,3.74
3.55,4.05,3.95,3.98
3.67,4.06,3.78,4.2
3.75,4.08,3.88,3.65
3.37,4.18,3.49,4.06
3.43,4.1,3.96,3.81
3.73,3.81,4.05,4.2
3.43,3.99,4.14,4.23
3.67,4.17,3.92,4.22
3.55,4.15,3.64,3.92
3.37,3.69,3.78,4.16
3.59,4.07,4.03,4.15
3.52,3.97,3.79,3.83
3.32,3.96,4,4.14
3.58,3.86,3.48,3.65
3.37,3.73,3.86,4
3.32,3.38,3.5,3.77
3.67,4.12,3.63,3.7
3.75,3.75,3.5,3.68
3.57,3.7,4.01,4.06
3.68,4.12,3.53,3.84
3.71,3.77,3.84,4.08
3.71,3.57,3.5,3.67
3.67,3.89,3.75,3.83
3.67,3.89,3.94,3.96
3.65,3.8,3.76,4.12
3.32,4.21,3.73,3.83
3.45,3.54,3.67,4.02
3.67,3.97,3.51,4.18
3.69,3.4,3.89,4.01
3.36,3.77,3.94,3.77
3.74,3.83,3.75,3.65
3.74,3.57,3.49,4.17
3.56,3.97,4.15,3.64
3.46,3.94,3.54,4.17
3.39,3.68,3.79,3.96
3.7,3.57,3.48,4.21
3.49,3.83,4.14,4.13
3.53,3.77,3.46,4.25
3.63,3.6,3.64,3.85
3.61,3.78,3.88,4.11
3.71,3.62,3.67,3.88
3.56,3.71,3.48,3.93
3.74,4.14,3.54,4.02
3.42,4.02,3.8,4.17
3.33,3.66,4.09,4.24
3.38,3.74,3.76,4.11
3.63,3.99,3.76,3.89
3.7,3.72,3.54,3.89
3.49,3.76,4.14,4.09
3.55,3.83,3.85,3.78
3.67,4.05,3.59,3.7
3.36,3.77,3.78,3.85
3.65,3.63,3.93,3.81
3.42,3.66,3.45,3.81
3.41,4,4.09,3.77
3.34,4.22,4.06,3.66
3.43,3.39,3.6,3.64
3.63,3.88,3.51,4.24
3.45,3.88,3.77,3.9
3.74,3.55,4.11,3.87
3.56,3.39,3.74,4.05
3.73,4.17,3.46,3.77
3.31,3.46,3.55,4.22
3.47,3.5,3.86,4.12
3.4,3.83,3.81,3.69
3.73,3.85,3.48,3.89
3.43,4.06,3.76,4.18
3.5,3.98,4.05,4.22
3.51,3.39,3.53,3.92
3.58,3.5,3.86,4.01
3.48,3.56,3.47,3.73
3.53,3.47,3.64,4.24
3.73,3.93,3.68,3.77
3.65,3.71,4.14,4.21
3.5,3.87,3.65,4.03
3.39,3.5,4.07,4.01
3.37,4.06,3.79,3.95
3.48,3.57,4.04,3.77
3.54,3.7,3.46,3.74
3.5,3.48,4.06,3.77
3.57,4.06,3.73,3.75
3.36,3.57,3.93,4.11
3.47,3.47,4.07,3.85
3.77,3.5,3.45,3.67
3.46,3.6,4.01,4.23
3.72,3.52,3.5,4.18
3.4,3.92,4.14,4.21
3.68,3.61,3.64,4.25
3.68,3.73,4.07,3.74
3.76,3.76,3.58,3.88
3.74,3.89,3.97,4.1
3.62,3.84,3.62,4.06
3.67,4.14,3.66,3.73
3.43,3.55,3.74,4.14
3.35,4.17,3.68,3.77
3.7,4.07,3.62,3.77
3.54,3.69,3.75,3.96
3.4,3.8,4.1,4
3.71,4.21,3.76,3.99
3.64,3.4,3.77,3.69
3.56,3.72,3.54,4.17
3.72,3.96,3.84,3.79
3.73,3.61,3.69,3.71
3.32,4.15,4.14,4.18
3.75,3.97,3.83,4.22
3.75,3.52,3.53,4.16
3.32,3.73,3.89,4.13
3.46,3.6,3.89,4.04
3.47,3.62,3.85,3.97
3.58,3.91,4.06,3.68
3.45,3.59,3.47,3.88
3.57,4.03,3.96,3.86
3.75,3.92,3.82,3.79
3.58,4.09,4.08,4.08
3.76,4.16,3.91,3.94
3.7,3.79,4.17,3.68
3.54,3.77,3.74,3.77
3.35,3.68,3.94,4.05
3.52,3.87,3.82,3.68
3.72,3.88,3.78,4.16
3.47,4.11,3.82,3.94
3.73,3.98,4,3.93
3.64,3.55,4.05,4
3.38,3.54,3.74,4.14
3.35,3.8,4.08,3.85
3.63,3.69,3.55,4.05
3.36,4.03,4.12,3.98
3.35,3.9,3.48,3.8
3.74,3.9,3.88,4.17
3.6,4.17,4.09,4.12
3.66,4.23,4.14,4.04
3.39,3.53,3.59,4.16
3.5,3.97,3.85,4.17
3.4,3.76,3.61,4.07
3.36,4.07,3.59,4.15
3.75,3.42,3.91,4.06
3.53,3.4,3.91,4.05
3.68,3.93,4.07,4.01
3.66,3.68,3.44,4.1
3.31,4.01,3.68,3.73
3.69,3.57,3.57,4.18
3.39,4.07,3.61,4.17
3.36,3.84,3.74,3.65
3.49,3.98,3.97,4.14
3.7,3.75,3.88,3.71
3.45,3.85,3.9,3.84
3.47,3.38,3.9,4.09
3.73,4.02,4.05,3.73
3.35,3.89,4.07,4.14
3.51,3.55,3.72,4.15
3.32,3.93,4.14,3.94
3.74,3.38,3.76,3.63
3.67,3.87,3.72,3.81
3.56,3.59,3.64,4.01
3.55,3.85,3.55,4.24
3.5,3.72,3.74,4.02
3.47,3.96,3.59,3.79
3.65,3.42,4.15,4.02
3.41,4.03,3.98,3.96
3.61,4.12,3.51,4.11
3.72,3.9,3.6,3.7
3.48,3.81,3.48,4.1
3.32,4.08,3.72,3.97
3.55,3.64,3.56,4.23
3.72,4.15,3.46,3.84
3.4,3.79,3.81,4.02
3.73,3.94,4.09,4.21
3.68,3.43,3.6,3.69
3.67,3.64,3.6,4.21
3.48,3.64,3.98,4.06
3.57,3.44,3.71,3.67
3.4,3.62,3.8,3.82
3.4,3.82,3.67,4.07
3.69,3.94,3.6,3.67
3.51,4.05,3.66,3.99
3.34,3.83,3.75,3.84
3.56,4.04,4.16,4.01
3.36,4.19,4.16,3.66
3.7,3.7,3.75,4.17
3.38,3.9,3.69,4.23
3.68,3.45,3.71,4.23
3.66,4.07,3.93,4.09
3.47,4.24,3.47,3.71
3.77,3.44,3.77,4.1
3.77,3.89,3.77,3.65
3.31,3.86,3.99,3.64
3.58,3.75,3.91,3.83
3.71,3.69,3.48,3.93
3.36,4.14,4.15,4.11
3.42,4,3.45,4.05
3.4,3.96,3.66,3.91
3.71,3.88,4.11,3.8
3.65,4.05,4.07,4.25
3.4,3.77,4.17,3.89
3.62,3.5,3.52,3.91
3.38,3.6,3.54,3.73
3.38,3.56,3.68,4.12
3.7,3.86,3.77,4.06
3.68,4.23,3.53,3.77
3.45,4.01,3.72,3.68
3.55,4.1,3.52,4.05
3.68,3.89,3.65,4.04
3.72,3.48,3.89,3.8
3.42,3.68,3.89,4.22
3.47,4.13,3.85,3.72
3.65,3.82,3.91,3.9
3.46,3.58,3.96,4.22
3.56,3.64,3.89,3.89
3.43,3.86,3.9,4.03
3.33,3.54,3.93,3.88
3.53,3.75,3.64,3.8
3.38,3.42,3.48,4.24
3.5,4.03,3.93,3.88
3.52,4.19,3.64,4.18
3.58,3.39,3.84,3.77
3.49,4.22,3.91,3.76
3.57,3.89,3.54,3.65
3.63,3.46,4.11,4.03
3.35,4.22,3.78,3.86
3.77,3.48,4.03,4.17
3.41,4.02,3.63,3.92
3.47,3.58,3.88,4.23
3.68,3.9,4.08,3.75
3.75,4.15,3.81,4.17
3.59,3.58,4.1,4.11
3.7,4.05,3.99,4.11
3.68,3.98,4.11,4.15
3.48,3.95,3.47,4.1
3.32,4.01,3.48,4.02
3.62,4.1,3.49,3.71
3.31,3.71,3.75,3.65
3.34,3.92,3.66,4.2
3.72,3.45,3.59,4.01
3.46,4.16,4.16,4.12
3.74,3.59,3.64,3.93
3.4,3.39,3.85,3.7
3.61,3.75,3.91,3.71
3.53,3.79,3.93,4.06
3.47,3.7,3.85,3.9
3.52,3.84,3.91,3.75
3.38,3.55,4.09,3.93
3.75,4.05,3.79,3.67
3.68,3.61,3.92,3.99
3.63,4,3.64,3.8
3.47,3.91,4.01,4.12
3.37,4.17,3.65,3.82
3.56,3.85,4.15,3.91
3.48,3.91,3.58,3.64
3.64,3.78,4.09,3.67
3.54,3.67,4.04,3.87
3.42,3.98,3.7,3.93
3.51,3.58,3.81,4
3.68,3.66,4.16,3.81
3.5,3.83,3.89,4.06
3.58,3.51,3.8,4.16
3.69,3.87,3.5,4.11
3.61,3.48,3.71,3.65
3.71,3.73,3.54,3.93
3.7,3.57,3.59,3.7
3.66,4.22,3.52,3.78
3.32,3.52,3.75,4.24
3.58,3.59,3.61,3.72
3.74,3.78,3.63,3.94
3.61,3.67,3.89,4.01
3.75,3.46,3.54,4.07
3.36,4.02,3.99,3.98
3.59,3.43,3.57,3.64
3.68,3.84,3.81,3.83
3.58,3.76,3.91,3.95
3.67,3.92,3.96,3.68
3.55,3.99,3.59,3.85
3.38,4.17,3.72,3.65
3.75,3.66,4.09,3.68
3.34,3.44,3.97,3.88
3.35,3.99,3.58,3.71
3.64,3.78,4.03,3.98
3.56,3.89,3.8,4.06
3.54,3.61,3.81,4.13
3.68,3.87,3.73,3.75
3.38,3.76,3.49,3.73
3.76,3.94,3.66,3.69
3.34,3.98,3.66,4.02
3.72,3.56,4.13,4.07
3.58,3.66,3.83,3.65
3.76,3.95,3.69,4.21
3.44,3.38,4.05,3.66
3.51,3.44,3.45,3.97
3.48,3.5,3.7,4.07
3.68,4.19,3.49,4.17
3.58,3.42,4.17,4.07
3.57,3.54,4,4.13
3.63,3.92,3.5,3.84
3.76,4.12,3.61,4.14
3.77,3.9,3.9,3.68
3.76,3.87,3.89,4.18
3.46,3.63,3.94,3.97
3.57,4.02,3.46,4.14
3.34,3.57,3.47,3.91
3.63,4.02,3.81,4.03
3.39,3.75,3.44,3.96
3.72,4.04,3.51,4.08
3.44,4,3.72,3.68
3.6,3.93,4.12,3.67
3.53,4.16,3.84,3.78
3.71,4.15,3.6,3.73
3.62,4.21,3.46,4.17
3.62,4.05,3.93,3.77
3.7,3.46,4.01,4.24
3.37,3.6,4.09,3.84
3.57,4.22,3.67,3.74
3.43,3.4,3.49,4.12
3.46,4.07,3.83,4.04
3.52,3.71,4.07,3.94
3.75,3.39,3.47,3.97
3.5,4.1,3.68,4.08
3.72,3.4,3.93,3.77
3.36,4.19,3.52,4.25
3.6,3.46,3.83,4.23
3.74,3.59,3.94,4.03
3.59,3.62,3.7,3.75
3.7,4.12,4.11,4.05
3.6,3.62,4.14,3.67
3.66,3.64,3.87,3.65
3.77,3.85,3.54,3.79
3.51,4.1,3.56,3.92
3.74,3.7,3.65,4.17
3.36,4.01,3.68,4.08
3.47,4.08,3.85,4.09
3.56,3.92,4.09,3.89
3.35,3.54,3.79,3.84
3.33,4.04,3.46,3.86
3.44,3.94,3.82,4.24
3.35,4.23,3.86,3.65
3.52,3.58,4.02,4.17
3.39,3.44,3.84,3.99
3.42,3.91,3.6,3.9
3.61,4.23,3.65,4.08
3.7,3.54,3.94,3.93
3.61,4.19,4.15,4.17
3.72,3.85,3.77,4.19
3.36,3.5,3.77,3.89
3.59,3.78,4.09,3.8
3.45,4.07,4.1,4
3.52,3.92,3.63,4.2
3.34,4.11,4.14,3.76
3.44,3.98,3.61,4.02
3.69,3.93,3.92,4.02
3.43,3.71,4.17,4.08
3.32,3.69,4.06,3.71
3.74,4.02,4.12,4.07
3.72,3.64,3.6,4.19
3.5,4.2,3.85,3.74
3.67,3.48,3.57,3.78
3.61,3.61,3.55,4.23
3.49,3.99,3.79,3.74
3.46,3.43,3.69,4.16
3.72,3.4,3.65,3.94
3.33,4.17,3.63,3.78
3.69,4.22,3.65,4.17
3.65,3.61,3.62,3.91
3.51,3.89,3.71,3.95
3.44,3.97,4.02,3.85
3.37,4.08,3.51,4
3.59,3.91,4.05,3.73
3.52,3.83,3.85,3.87
3.4,3.7,3.73,4.23
3.72,4.01,3.57,3.79
3.43,3.94,3.92,4.04
3.63,3.79,3.44,3.83
3.53,3.42,3.68,4.11
3.6,3.55,3.88,3.71
3.77,3.86,3.54,4.23
3.75,3.6,3.97,3.91
3.61,3.51,3.49,3.78
3.59,4.07,3.95,3.68
3.55,3.4,3.63,3.74
3.51,4,3.62,3.95
3.45,4.13,3.91,3.84
3.31,3.88,3.45,4.14
3.35,3.63,3.93,3.9
3.41,3.72,3.54,3.78
3.37,3.76,3.76,4.01
3.54,3.75,3.85,4.07
3.63,4.11,4.12,3.73
3.58,3.61,3.92,3.73
3.48,3.58,4.04,3.65
3.5,3.69,4.11,4.09
3.63,4.09,3.46,4.04
3.42,3.85,4.1,3.92
3.45,3.85,3.81,4.15
3.63,3.75,3.66,4.13
3.36,3.53,4.02,3.99
3.45,4.21,3.53,4.17
3.58,4,3.87,3.76
3.45,3.94,4.02,3.7
3.49,3.86,3.89,3.8
3.36,3.69,3.87,3.67
3.52,4.16,3.88,3.96
3.76,3.66,3.91,4.21
3.56,3.88,3.85,3.65
3.42,4.24,4.02,3.71
3.71,4.03,3.63,3.91
3.4,4.11,4.06,4.21
3.51,3.53,4.06,3.83
3.44,3.56,3.69,3.94
3.43,3.46,3.84,3.66
3.76,3.59,3.94,3.72
3.39,3.55,4.08,4.24
3.67,3.56,3.64,4.23
3.6,3.95,3.54,3.63
3.38,3.46,3.97,4.22
3.75,3.75,3.68,4.03
3.57,4.18,3.78,4.17
3.34,3.59,3.64,3.91
3.69,3.47,3.76,3.95
3.65,3.96,3.53,3.93
3.77,3.95,4.02,4.04
3.34,3.76,4.17,3.72
3.45,3.43,3.68,3.65
3.65,3.8,3.83,3.82
3.71,3.93,3.5,4.07
3.77,3.96,3.54,3.76
3.48,4.1,3.48,4.05
3.45,4.16,4.1,4.23
3.39,4.16,3.9,3.69
3.34,3.99,3.8,4.05
3.41,4.09,3.85,3.91
3.41,3.81,3.74,4.17
3.37,3.48,4.12,3.74
3.32,3.97,3.67,4.06
3.63,3.9,3.46,4.15
3.55,3.84,4.03,4.22
3.36,3.42,3.48,4.05
3.38,4.14,3.51,3.94
3.74,4.04,3.92,4.01
3.33,3.52,4.16,4.17
3.32,4.21,4.05,3.98
3.75,3.68,3.82,3.65
3.6,3.58,3.79,4.21
3.44,3.96,3.99,4.06
3.55,3.38,3.54,4.05
3.72,3.51,3.52,3.76
3.65,3.51,3.66,4.04
3.51,3.56,4.12,3.87
3.66,3.8,3.46,4.03
3.36,3.95,3.67,3.7
3.53,3.49,3.57,4.04
3.4,3.8,3.62,4.25
3.76,3.74,3.48,3.66
3.74,4.18,3.53,4.24
3.43,3.54,3.89,3.88
3.43,3.41,4.05,4.17
3.68,3.4,3.89,4.12
3.43,4.05,3.65,3.98
3.36,3.69,3.45,4.09
3.55,3.8,3.88,4.17
3.58,3.52,3.88,3.88
3.4,3.55,4.16,3.83
3.62,4.14,3.69,4.04
3.6,3.86,3.78,4.13
3.65,3.72,3.95,4.1
3.51,3.85,4.05,4.12
3.45,3.49,3.97,3.9
3.66,3.9,4.04,4.14
3.45,4.1,3.75,3.7
3.46,3.53,3.73,3.97
3.55,3.66,3.49,3.63
3.42,3.92,3.49,3.83
3.31,3.98,3.9,3.86
3.34,3.95,3.46,3.88
3.62,3.92,3.65,4.06
3.36,3.8,3.88,3.87
3.67,4.18,3.5,3.91
3.39,4.06,3.59,3.78
3.62,3.54,4.01,3.86
3.64,4.01,4.04,3.77
3.39,4.11,3.71,3.68
3.71,3.72,3.86,4
3.5,3.48,3.61,4.04
3.68,4.12,3.72,4.01
3.73,4.05,3.9,3.92
3.54,3.87,3.6,3.87
3.6,3.58,3.59,4.17
3.49,3.93,3.6,3.95
3.6,3.91,3.97,3.93
3.36,3.41,4,3.65
3.33,3.94,3.69,3.84
3.69,4.15,4.14,3.87
3.63,3.54,3.89,3.88
3.71,3.99,3.57,3.99
3.7,3.93,3.61,3.96
3.63,3.53,4.14,4.01
3.44,3.84,3.71,4.1
3.37,4.14,3.93,4.13
3.55,3.89,3.76,4.08
3.66,3.95,3.61,4.22
3.71,3.97,4.16,3.64
3.42,4.1,4.02,3.75
3.57,3.7,4.02,3.63
3.32,3.81,3.56,4.03
3.64,3.95,3.86,4.19
3.66,3.51,3.91,3.78
3.46,3.46,4.03,4.2
3.71,3.74,3.76,3.67
3.45,3.88,3.84,4.21
3.41,4.19,4.02,3.85
3.72,4.19,3.7,3.69
3.55,3.91,3.94,3.93
3.33,3.66,3.82,3.79
3.72,3.89,3.69,3.81
3.49,3.8,4.04,3.82
3.32,3.48,3.5,4.13
3.72,3.7,3.87,3.96
3.71,3.54,4.11,3.82
3.59,3.64,3.47,4.01
3.53,3.39,3.82,4.07
3.6,3.42,3.69,3.8
3.36,3.6,3.65,3.89
3.51,3.97,3.89,3.71
3.58,4.02,3.78,3.74
3.47,4.24,4.07,4.05
3.47,3.39,3.88,3.74
3.36,3.98,3.47,3.96
3.73,3.99,4.13,4.07
3.72,4.06,3.58,3.7
3.7,3.66,3.74,3.98
3.48,3.94,3.77,3.79
3.64,3.94,3.57,4.23
3.72,3.4,4.07,3.93
3.71,4.01,3.78,4.13
3.32,4.02,3.91,3.97
3.5,4.04,3.97,3.66
3.7,3.95,3.85,4.02
3.54,4.01,3.75,4.22
3.71,4.12,3.88,4
3.76,3.86,3.55,4.14
3.37,3.97,3.74,4.18
3.59,4.04,3.65,3.77
3.54,3.77,3.96,3.76
3.37,3.47,3.83,4.01
3.52,4.06,3.65,3.88
3.57,3.75,3.82,4.15
3.72,3.65,3.62,4.19
3.71,4.19,3.99,3.85
3.38,3.87,3.57,3.78
3.63,3.58,3.6,4.11
3.63,4.09,3.53,3.8
3.39,3.41,3.77,4.14
3.72,3.88,4.04,3.89
3.57,3.52,4.05,4.04
3.72,3.64,3.5,3.69
3.44,3.89,3.6,4.02
3.45,3.54,3.94,3.91
3.45,3.94,3.74,3.99
3.56,4.07,3.75,3.73
3.51,3.6,4.16,4.09
3.34,3.89,3.99,4.16
3.67,4.19,3.83,3.76
3.36,3.83,3.8,3.69
3.51,3.54,3.9,3.64
3.66,3.6,3.92,4.03
3.62,3.43,4,4.01
3.56,3.93,3.91,3.97
3.33,3.62,4.12,3.77
3.55,3.63,3.79,3.87
3.54,3.56,3.54,4
3.4,3.57,4.12,3.94
3.43,3.52,3.6,4.24
3.67,4.03,3.53,3.71
3.55,3.46,3.46,4.06
3.73,3.56,4,3.88
3.52,4.05,3.65,3.9
3.67,3.41,4.15,4.07
3.39,3.49,3.65,4.06
3.54,4.09,3.98,4.24
3.7,4.17,3.77,3.71
3.47,3.65,3.97,3.69
3.66,3.8,4.05,4.08
3.55,4.07,3.99,3.99
3.56,3.8,3.53,3.8
3.59,4.02,3.6,3.68
3.61,3.46,4.08,3.68
3.52,4.04,3.99,4.18
3.33,4.05,3.68,3.75
3.58,3.49,3.95,3.83
3.69,3.41,3.77,3.77
3.61,3.88,4.1,3.85
3.74,3.42,3.59,3.67
3.58,4.17,3.77,3.95
3.31,3.8,4,3.67
3.63,3.52,3.47,4.13
3.73,4.19,4.01,3.77
3.68,3.44,4.16,3.96
3.66,4.07,3.73,4.18
3.56,3.69,4.16,4.03
3.76,4.18,3.62,3.96
3.45,3.57,3.46,3.83
3.44,3.8,3.99,3.84
3.47,4,3.94,4.05
3.61,3.7,3.85,4.25
3.45,3.42,3.86,4.04
3.58,3.89,4.03,3.98
3.53,4.16,3.55,4.08
3.61,3.5,4.14,3.92
3.59,3.91,3.76,3.67
3.57,4.24,3.75,3.98
3.49,3.62,3.67,4.22
3.36,3.62,3.93,3.74
3.31,3.76,3.93,4.06
3.44,3.53,4.03,3.75
3.46,3.6,3.9,3.96
3.6,3.47,3.83,3.69
3.6,3.53,3.52,3.91
3.4,3.8,3.7,4.1
3.61,4.02,3.5,3.85
3.73,3.98,3.9,4.04
3.31,3.46,3.54,4.12
3.6,3.82,3.84,4.2
3.38,3.99,3.81,3.78
3.5,4.22,3.95,3.88
3.77,4.01,3.87,3.72
3.75,3.91,3.82,4.25
3.58,3.86,3.55,4.2
3.62,3.58,4.08,3.96
3.45,3.86,3.57,4.15
3.36,4.09,3.9,3.95
3.67,4.1,4.15,4.02
3.75,3.79,3.84,3.69
3.67,3.57,3.72,4.1
3.69,3.94,4.05,3.71
3.44,3.48,3.87,4.14
3.54,3.71,4.14,4.11
3.37,3.47,3.96,4.07
3.46,4.1,3.89,3.65
3.77,3.58,3.51,3.82
3.48,4.17,3.77,3.79
3.72,3.47,3.75,3.85
3.58,3.45,4.09,3.68
3.44,3.81,3.63,4.21
3.76,3.47,3.46,3.97
3.33,4.15,3.9,3.82
3.34,3.43,3.91,3.88
3.34,3.8,3.79,3.91
3.66,4.17,3.94,4
3.55,3.46,3.61,3.95
3.74,3.61,3.55,4.2
3.56,3.97,3.62,3.94
3.37,3.92,4.1,4.25
3.45,3.72,3.45,4.16
3.36,3.49,3.65,3.76
3.37,3.89,3.94,4.21
3.61,4.1,3.72,3.7
3.75,4.01,3.56,4.14
3.6,4.19,3.87,3.87
3.43,4.21,4.13,4.17
3.7,3.63,3.86,4.17
3.49,3.41,3.72,4.13
3.45,3.54,3.91,4.12
3.5,3.75,4,3.82
3.67,3.38,3.56,3.68
3.34,3.74,3.73,3.88
3.45,3.85,3.54,3.74
3.39,3.53,4.08,4.06
3.49,3.52,3.95,3.84
3.37,3.76,3.57,4.23
3.64,3.94,3.8,4.03
3.55,4.14,3.98,4.14
3.41,3.88,3.96,3.71
3.72,4.07,3.55,4.16
3.74,3.46,3.89,4.2
3.6,3.8,3.95,3.93
3.49,3.54,3.97,4.01
3.34,3.59,3.52,4.1
3.5,3.68,4.07,3.74
3.56,3.44,3.47,3.94
3.58,4.03,3.99,3.88
3.47,3.41,3.89,3.72
3.35,3.77,4.16,3.86
3.43,4.08,3.58,3.67
3.71,3.54,3.5,3.65
3.44,3.91,3.64,3.71
3.37,3.49,3.64,4.23
3.37,3.68,4.06,3.97
3.56,3.72,4.04,4.23
3.67,4.15,3.81,3.9
3.72,3.82,3.5,3.82
3.47,3.74,4,3.94
3.53,4.19,3.71,3.9
3.52,3.8,3.45,3.7
3.34,3.59,3.68,4.03
3.75,3.46,3.72,3.76
3.54,3.43,4.07,4.01
3.43,3.58,3.93,4.03
3.75,3.8,3.95,3.72
3.44,3.75,3.48,3.67
3.54,4.11,3.48,4.11
3.53,4.06,3.57,3.92
3.34,3.56,3.45,3.67
3.68,3.47,4.05,4.25
3.45,3.39,4.07,3.67
3.46,3.41,3.68,4.06
3.33,3.4,3.56,4.24
3.58,3.93,3.48,3.78
3.37,3.74,3.47,3.72
3.69,4.02,4.05,3.71
3.41,3.42,3.64,3.82
3.74,3.71,4.04,3.69
3.72,4.07,3.72,4.06
3.67,4.07,4.04,3.67
3.41,3.38,3.59,3.95
3.52,3.62,3.81,4.25
3.44,3.45,3.85,4.13
3.48,3.58,4.09,4.01
3.37,4.01,3.47,3.82
3.35,3.5,3.65,4.02
3.55,3.99,3.98,3.96
3.74,3.99,4.13,3.89
3.53,3.5,3.8,3.71
3.41,3.91,3.56,4.18
3.6,3.38,3.57,3.91
3.74,4.1,3.77,3.75
3.45,3.95,3.71,3.86
3.58,3.6,3.63,3.89
3.54,3.58,3.61,4.14
3.76,3.78,3.6,4.08
3.52,3.95,3.94,4.11
3.68,3.77,4.14,3.64
3.49,4.05,3.53,3.89
3.6,3.78,3.87,3.93
3.33,4.06,3.78,3.64
3.45,3.98,3.64,3.79
3.33,3.67,3.6,4.1
3.58,4.04,3.69,3.72
3.72,4,3.99,3.96
3.38,3.44,3.91,3.76
3.32,3.76,3.61,3.64
3.64,4.22,3.95,3.78
3.35,3.86,3.54,4.24
3.35,3.84,3.54,4.13
3.56,3.7,3.46,4.22
3.6,4.19,3.61,3.93
3.77,3.83,3.69,3.7
3.42,3.8,3.6,3.97
3.68,3.87,4.1,3.91
3.59,3.75,4.05,4.15
3.61,4.03,3.65,3.69
3.69,3.86,3.71,3.93
3.68,3.84,4.07,3.72
3.35,4.06,3.51,3.83
3.57,3.4,4.08,4.09
3.32,4.03,3.91,3.93
3.36,3.73,3.6,3.86
3.45,3.43,3.62,3.87
3.73,3.7,4.08,3.91
3.59,4.05,3.6,4.12
3.55,3.59,3.84,4.18
3.57,3.61,3.82,4.22
3.75,3.55,3.89,4.12
3.64,4.04,3.99,3.83
3.55,3.96,4.11,4.06
3.39,3.82,4.06,3.9
3.36,3.72,4.05,3.79
3.73,3.87,3.6,4.15
3.48,3.99,3.64,3.65
3.64,3.45,3.73,4.19
3.43,3.73,3.8,3.92
3.33,3.67,3.71,4.03
3.6,3.62,3.52,4.04
3.57,3.42,3.49,4.18
3.53,4.09,3.56,4.02
3.56,3.4,3.55,4.01
3.65,4.1,3.74,3.67
3.44,3.81,4.1,3.95
3.57,3.65,4.16,3.72
3.33,3.81,4.13,4.09
3.4,3.97,4.02,3.95
3.34,3.59,3.93,4.05
3.52,4.23,3.72,3.66
3.31,3.56,3.48,3.68
3.5,3.92,4.07,4.07
3.75,3.67,3.79,3.67
3.35,3.84,4.08,3.67
3.37,4.17,3.81,3.64
3.66,3.99,3.65,4.22
3.4,3.65,3.89,4.09
3.59,3.8,3.93,3.85
3.63,3.74,3.49,3.81
3.52,3.76,4.05,3.85
3.64,3.88,3.95,4.11
3.66,3.81,3.68,4.04
3.32,3.61,3.5,3.74
3.64,3.58,3.75,3.74
3.36,3.64,3.86,3.69
3.57,4.15,3.77,4.04
3.73,3.76,3.59,4.1
3.66,3.5,3.58,3.79
3.43,4.09,3.71,3.64
3.47,3.48,3.76,3.68
3.59,4.17,3.74,4.23
3.74,3.46,3.56,3.81
3.63,4.11,3.49,4.11
3.73,4.22,3.83,4.02
3.64,4.02,4.02,3.87
3.57,4.19,3.51,3.76
3.5,3.89,3.78,3.71
3.59,3.6,3.68,4.01
3.34,3.62,3.55,4.11
3.58,3.95,3.44,4.03
3.74,3.98,4.16,3.96
3.7,3.83,4.15,3.66
3.67,3.67,4.07,4.23
3.38,3.59,3.8,4.13
3.53,3.5,3.63,3.81
3.64,3.99,3.8,4.24
3.34,3.76,3.81,4
3.46,3.79,3.46,3.99
3.59,3.47,3.92,4.09
3.51,3.69,3.74,4.13
3.59,3.75,4,4.04
3.31,3.51,3.98,3.71
3.74,3.68,3.8,3.84
3.66,3.6,3.8,4.21
3.37,3.93,3.63,3.77
3.46,3.81,3.95,3.86
3.75,3.96,3.68,3.9
3.41,3.51,3.7,3.9
3.48,3.87,3.98,4.01
3.7,3.98,3.6,4.21
3.32,4.14,3.91,3.78
3.45,3.5,4.17,3.71
3.39,3.69,3.7,3.75
3.59,3.9,3.75,4.18
3.64,3.98,3.66,4.03
3.59,3.67,3.63,3.81
3.74,3.74,3.67,4.14
3.4,3.96,3.81,4.16
3.73,3.96,4.05,4.15
3.52,3.81,3.47,4.2
3.41,3.97,3.66,3.79
3.54,3.74,3.93,4.1
3.58,4.17,4.04,3.92
3.56,3.99,3.74,4.15
3.76,3.39,3.98,4.08
3.35,3.42,3.92,4.11
3.62,3.74,3.5,4.04
3.66,3.87,3.72,3.74
3.71,3.66,3.84,3.97
3.43,3.58,3.85,4.24
3.43,3.8,3.79,4.21
3.63,3.78,3.87,3.66
3.54,4.04,3.7,3.73
3.34,3.39,3.57,3.71
3.71,4.17,3.64,4.08
3.54,4.02,3.95,4.14
3.74,4.01,3.68,3.76
3.7,3.58,3.64,3.94
3.34,3.66,3.85,4.15
3.37,3.91,4.08,4.08
3.71,4.13,3.89,3.97
3.55,4.09,3.49,4
3.57,3.95,3.46,3.95
3.31,3.39,3.58,3.81
3.52,4.08,3.55,3.98
3.6,3.49,4.02,4.06
3.52,4.1,3.53,4.17
3.58,3.46,4.13,4.02
3.32,3.8,3.88,4.1
3.49,3.63,3.96,3.73
3.76,3.42,3.54,3.92
3.53,3.5,3.66,3.64
3.59,4.03,3.53,3.78
3.68,4.07,3.52,4.08
3.54,3.99,4.03,4.24
3.31,3.4,3.67,3.69
3.67,3.73,3.65,3.88
3.34,3.84,4.08,4.13
3.34,3.66,3.8,3.76
3.76,3.69,3.46,3.97
3.35,3.49,4.05,4.08
3.71,3.55,3.85,4.01
3.51,3.77,3.47,3.75
3.69,3.51,3.88,3.85
3.56,3.82,4.15,4.12
3.72,3.61,3.56,3.97
3.74,4.15,3.53,3.63
3.59,4.11,3.84,4.1
3.42,3.78,4.12,3.65
3.58,3.74,4.13,4.09
3.57,3.52,4.1,3.76
3.65,3.85,3.95,4.22
3.62,3.55,3.82,3.86
3.67,3.69,3.56,3.83
3.32,4.21,3.5,3.72
3.6,3.69,4.02,3.82
3.34,3.72,4.06,4.17
3.35,3.67,3.92,4.25
3.37,3.81,3.91,3.86
3.69,3.52,3.73,3.91
3.44,3.78,3.77,4.08
3.65,4.02,3.87,4.18
3.6,4.11,3.51,4
3.55,4.23,3.85,3.87
3.7,3.46,4.09,3.89
3.65,3.51,3.72,4.06
3.46,3.42,3.75,3.63
3.56,4.07,3.94,4.01
3.43,3.64,3.72,3.85
3.63,3.8,3.83,4.12
3.42,4.13,3.65,3.69
3.71,3.6,3.99,3.99
3.56,3.39,3.63,3.93
3.39,3.48,3.8,4.03
3.48,3.88,3.61,3.67
3.4,3.66,3.58,3.99
3.31,3.87,3.84,3.98
3.72,4.24,3.72,3.98
3.63,3.45,3.86,4
3.69,4,3.66,4.05
3.42,3.68,3.58,4.13
3.65,3.4,3.51,3.8
3.49,3.72,3.93,4.14
3.56,3.87,3.74,3.94
3.51,3.43,3.52,3.68
3.68,4.17,3.77,3.67
3.49,3.77,3.74,3.84
3.51,3.84,3.88,4.12
3.39,3.49,4.04,4.07
3.64,4.17,3.71,4.12
3.46,3.77,4.02,3.95
3.7,4.1,3.6,3.9
3.51,4.08,3.63,3.72
3.36,3.44,3.48,3.83
3.58,4.22,4.05,3.9
3.64,3.83,3.92,3.68
3.62,4.15,4.11,3.77
3.39,3.88,3.89,4
3.47,4.11,4.09,4.09
3.37,3.53,3.46,4.25
3.55,3.4,3.49,4.21
3.42,4.19,3.9,4.03
3.63,3.6,3.52,3.89
3.38,3.88,3.56,4.02
3.37,3.58,3.96,4.12
3.57,3.8,3.57,3.7
3.75,4.17,3.67,3.88
3.64,3.94,3.87,4.15
3.48,3.9,3.86,3.87
3.66,3.81,3.96,3.98
3.34,3.73,3.84,3.99
3.56,3.89,3.61,3.74
3.67,4.02,4.09,3.85
3.71,3.69,4.02,3.84
3.48,3.51,3.63,3.65
3.38,3.82,4.11,3.64
3.63,3.51,3.45,4.15
3.76,3.86,4.09,3.8
3.6,3.94,3.95,3.95
3.7,4.03,4.02,3.82
3.59,3.77,4.09,4.21
3.46,3.66,4.16,3.79
3.46,4.06,3.66,3.9
3.41,3.94,3.99,4.17
3.53,4.22,3.88,4.15
3.38,3.99,3.96,3.75
3.41,3.65,3.82,4.13
3.76,4.19,3.56,3.91
3.74,4.23,3.7,3.93
3.6,4.16,4.06,3.71
3.36,3.49,3.97,3.68
3.47,4.19,3.64,4.08
3.32,3.89,3.5,3.94
3.53,3.87,3.7,3.9
3.67,3.82,3.57,4.08
3.57,3.62,3.7,4.1
3.37,3.71,4.05,3.73
3.64,3.44,4.15,4.01
3.32,3.55,3.88,3.71
3.4,3.77,4.07,4.1
3.65,3.51,3.58,4.04
3.58,3.97,4.03,4.22
3.72,3.43,3.83,3.67
3.53,3.57,3.88,3.67
3.51,4.08,3.86,3.8
3.41,4.21,3.84,3.79
3.65,3.73,4,3.78
3.69,3.74,3.89,4.19
3.46,3.52,3.52,3.78
3.52,3.49,3.54,3.8
3.65,3.45,3.75,4.1
3.58,3.68,3.46,3.91
3.61,4.16,4.04,4.11
3.48,3.94,3.72,3.67
3.62,3.81,4.02,3.93
3.68,3.65,3.47,3.65
3.63,3.85,4.14,3.67
3.53,3.94,3.96,4.19
3.35,3.43,3.83,3.72
3.42,3.83,3.56,3.96
3.73,3.55,3.68,3.88
3.52,4.05,3.93,3.85
3.7,4.16,3.77,4.19
3.43,3.81,3.89,3.64
3.6,3.75,3.77,4.04
3.48,4.24,4.07,4.23
3.37,3.64,3.77,3.98
3.67,3.58,3.71,4.21
3.59,4.12,3.9,3.66
3.53,3.51,3.85,3.89
3.39,3.49,3.5,3.79
3.37,3.92,3.45,4.08
3.65,3.74,4.03,4.24
3.6,3.87,3.76,3.79
3.66,3.74,3.81,4.04
3.35,3.97,3.83,3.75
3.72,3.45,3.91,3.98
3.42,3.46,4.16,3.92
3.36,3.77,3.76,4.23
3.65,3.7,3.61,4.01
3.71,3.38,4.05,3.85
3.67,4.04,3.84,3.7
3.33,3.58,3.57,3.72
3.42,4.19,3.92,3.77
3.76,4.1,3.49,3.79
3.75,3.78,3.53,4.16
3.4,4.04,4.15,3.98
3.72,3.6,4.07,3.95
3.35,3.9,4.03,3.7
3.7,3.6,3.75,4.16
3.72,4.22,3.82,4.08
3.68,3.94,3.47,3.67
3.41,4.13,3.73,4.07
3.7,3.75,3.61,3.97
3.73,3.52,4.13,3.68
3.67,3.64,3.96,3.91
3.7,3.69,3.94,3.93
3.71,3.89,3.9,3.73
3.35,3.53,3.51,4.22
3.33,3.68,3.85,4.16
3.63,4.19,3.47,4.04
3.51,4.16,3.52,3.92
3.42,3.6,4.12,3.89
3.37,4.19,3.92,4.03
3.44,3.38,3.64,3.97
3.44,4.18,4.1,3.67
3.7,3.93,3.46,3.95
3.65,4.03,3.84,4.13
3.31,4.23,3.51,3.91
3.55,3.74,3.57,3.66
3.71,3.79,3.85,4.12
3.32,3.79,3.65,3.75
3.6,3.72,3.67,3.79
3.56,3.72,4.08,3.73
3.57,3.98,3.61,3.83
3.35,4,4.03,4.1
3.33,3.83,3.55,3.95
3.62,4.24,3.99,3.76
3.46,3.65,3.73,4.17
3.65,3.41,3.66,4.18
3.6,3.96,3.72,4.17
3.54,3.56,3.86,3.78
3.72,3.47,3.88,3.91
3.48,3.38,3.57,4.24
3.62,4.03,4.01,4.11
3.75,3.87,3.85,3.65
3.74,3.62,3.97,3.67
3.55,3.89,3.56,3.92
3.44,3.92,3.52,4.19
3.71,3.76,3.55,3.96
3.46,3.73,3.49,3.94
3.72,3.57,4,3.7
3.58,3.56,3.74,4.04
3.44,3.51,3.62,4.14
3.48,3.54,3.82,3.87
3.49,3.9,3.46,4.11
3.34,3.8,3.74,4.23
3.35,4.14,3.55,3.76
3.37,3.64,3.51,3.95
3.44,4.23,3.53,3.81
3.49,3.7,3.84,4.12
3.51,4.18,4.13,3.99
3.64,4.06,4.03,4.02
3.33,3.57,3.54,4.12
3.47,3.72,3.55,3.88
3.71,3.41,3.45,4.2
3.36,3.75,3.6,3.96
3.38,4.03,3.6,3.73
3.51,3.61,4.12,4.06
3.37,4.15,3.7,4.12
3.56,3.71,4.06,3.83
3.59,3.99,3.65,4.16
3.56,4.11,3.62,4.19
3.53,3.41,3.54,3.8
3.74,3.85,4.08,4.24
3.56,3.8,3.79,3.72
3.37,3.88,3.6,3.76
3.61,3.7,3.52,3.74
3.48,3.59,3.9,4.18
3.73,3.42,4.03,4.04
3.71,4.22,4.05,3.72
3.46,3.65,3.53,3.9
3.69,4.1,4.07,4.01
3.67,3.87,3.87,3.68
3.52,3.7,3.82,4.18
3.45,3.64,3.82,4.13
3.44,3.57,3.56,3.94
3.65,3.55,3.79,4.23
3.58,3.65,3.89,3.89
3.58,4.06,3.85,4.24
3.42,3.75,3.5,4.04
3.61,4.02,3.79,4.02
3.36,3.53,3.8,3.73
3.57,3.44,3.72,4.18
3.48,3.55,3.91,3.9
3.44,4,3.8,3.73
3.7,4.16,4.1,3.64
3.7,3.72,3.85,3.98
3.43,3.64,4,3.96
3.51,3.81,3.69,4.08
3.62,3.81,3.68,4.18
3.59,3.97,3.59,3.68
3.62,4.23,3.56,4.08
3.69,3.97,3.61,3.75
3.41,3.65,4.02,4.16
3.4,3.43,3.83,4.14
3.72,3.62,3.65,3.97
3.73,3.58,3.62,4.07
3.58,4.07,3.91,3.82
3.37,4.2,3.7,3.92
3.51,3.82,3.44,4.14
3.62,3.38,3.46,3.91
3.32,3.61,3.81,3.85
3.64,4.03,3.88,3.94
3.75,4.02,3.74,4.14
3.75,4.02,4.12,3.84
3.66,3.43,3.75,3.74
3.72,3.4,3.89,4.07
3.36,4.07,3.82,4.14
3.65,4.21,4.1,3.69
3.46,3.78,3.97,3.78
3.51,3.82,4.02,3.72
3.52,3.69,3.63,3.85
3.68,3.64,3.68,3.91
3.34,3.61,3.83,4.09
3.73,3.97,3.78,4.03
3.37,3.71,3.54,4.01
3.44,3.97,3.65,3.85
3.61,3.96,4.15,4.15
3.51,3.76,3.87,3.92
3.66,4.09,3.69,4.24
3.49,4,3.53,4.02
3.64,3.9,3.77,3.71
3.39,3.57,3.78,4.05
3.33,3.51,3.85,3.83
3.42,3.96,3.45,4.06
3.37,3.53,3.85,3.67
3.46,3.76,3.49,3.74
3.63,4.2,3.79,4.16
3.62,4.15,3.83,3.77
3.37,3.46,3.9,4.15
3.34,3.58,3.75,3.8
3.4,3.5,3.8,4.03
3.58,3.53,4.15,4.06
3.43,3.5,3.97,3.95
3.48,3.62,4.12,3.82
3.46,3.47,3.5,3.76
3.57,4.01,4.15,3.65
3.51,4.02,3.61,3.82
3.67,3.96,3.97,4.03
3.44,3.93,3.66,4.21
3.72,3.38,3.61,4.17
3.42,4.02,3.97,4.1
3.74,4,3.93,4.12
3.74,4.17,3.93,4.04
3.56,3.69,3.64,3.79
3.73,3.99,4,4.19
3.49,4,3.62,4.05
3.37,3.48,3.92,3.98
3.55,4.2,3.8,3.7
3.47,3.45,3.63,3.91
3.75,3.44,3.74,3.92
3.65,3.43,3.62,4.17
3.57,4.15,3.87,3.97
3.63,3.46,3.92,3.87
3.34,4.17,3.84,4.24
3.73,4.2,3.64,3.7
3.51,4.17,3.6,3.89
3.71,4.09,3.94,3.66
3.47,3.41,4.11,4.09
3.58,3.82,3.51,4.2
3.35,3.87,4.05,3.8
3.64,3.7,3.77,4.16
3.73,3.84,3.85,3.81
3.4,3.57,3.71,4.19
3.44,3.66,4.12,4.1
3.68,4.09,4.05,4.13
3.31,4.03,3.59,3.64
3.68,3.63,3.71,4.23
3.43,3.75,4.15,4.08
3.37,3.77,3.77,3.82
3.34,3.84,3.78,4.14
3.72,3.78,3.83,3.8
3.6,3.86,3.74,4.17
3.33,3.63,3.5,3.7
3.55,3.7,3.98,4.07
3.45,3.53,3.54,3.97
3.72,3.45,4.14,3.69
3.41,4.2,4,3.78
3.71,4.06,3.54,3.64
3.48,3.89,3.69,3.92
3.52,3.41,3.64,3.82
3.39,4.09,3.61,4
3.48,3.41,3.99,3.81
3.44,3.93,3.55,3.82
3.72,3.74,3.58,4.09
3.49,3.92,3.82,3.66
3.61,3.87,4.15,4.19
3.57,3.51,3.56,4.16
3.36,3.66,4.15,4.04
3.7,3.47,4.08,4
3.76,3.92,3.54,4.18
3.39,3.41,4.09,3.74
3.58,3.86,3.66,3.68
3.33,4.01,3.97,3.78
3.73,4.09,3.77,4.12
3.69,3.65,3.52,3.65
3.45,3.83,3.92,3.99
3.48,3.87,3.6,4.25
3.35,3.97,3.93,4.16
3.54,3.78,4.04,3.95
3.54,3.84,4.11,3.67
3.72,4.09,3.46,4.15
3.39,3.94,3.91,4
3.7,3.83,3.83,3.7
3.73,3.64,3.81,3.69
3.72,3.5,4.07,4.19
3.61,3.42,3.97,4.04
3.4,4.17,3.91,4.14
3.75,3.5,4.15,4.17
3.33,3.77,3.6,3.98
3.4,3.46,3.68,3.95
3.61,3.69,3.6,3.9
3.31,3.52,3.94,3.83
3.38,4,3.74,3.9
3.76,4.17,3.89,4.11
3.47,3.43,3.88,4
3.71,3.59,3.62,4.18
3.6,3.44,3.94,3.9
3.71,3.89,3.67,4.01
3.39,4.15,3.85,4.02
3.43,3.99,3.74,4
3.35,3.42,4.01,4.07
3.69,3.95,4.08,3.78
3.7,3.48,4.15,3.95
3.54,3.7,3.71,3.69
3.37,3.98,3.49,3.87
3.46,4.11,3.69,3.93
3.44,3.89,3.94,4.03
3.46,3.42,3.78,4.22
3.32,3.49,4.12,4
3.67,3.61,3.99,4.09
3.68,3.77,4.15,3.94
3.58,3.73,3.93,4.02
3.48,3.61,3.93,3.67
3.55,3.6,4.1,3.79
3.74,3.92,3.61,3.85
3.43,3.6,3.63,3.92
3.7,4.05,3.44,3.66
3.39,4.11,3.47,3.72
3.64,3.75,3.53,3.8
3.47,3.76,3.94,4.23
3.62,3.92,3.72,3.84
3.76,4.03,3.52,3.93
3.73,4.03,4.15,3.75
3.75,4.01,4.1,4.01
3.57,3.95,3.62,3.8
3.53,3.54,3.81,3.76
3.38,4.13,3.78,3.95
3.34,3.89,3.94,3.63
3.33,3.82,4.06,3.63
3.63,3.79,4.02,3.77
3.49,4.11,3.96,3.65
3.36,3.89,3.98,3.7
3.65,3.74,4.02,3.84
3.43,3.65,3.8,4.13
3.63,4.18,3.63,3.98
3.66,3.87,3.99,3.95
3.55,3.42,3.94,3.81
3.71,4.01,3.86,4.21
3.34,3.39,3.89,3.88
3.48,3.49,3.7,3.68
3.4,3.6,3.83,4.01
3.34,3.42,4.17,3.7
3.49,4.03,3.73,3.84
3.36,3.51,3.56,3.94
3.5,3.97,3.93,4.17
3.68,4.23,3.86,3.94
3.45,3.53,3.85,4.07
3.54,3.69,3.89,4.25
3.58,3.47,4.01,3.71
3.68,3.6,3.65,3.8
3.67,3.72,3.96,3.87
3.65,4.23,3.64,3.89
3.71,4.13,3.94,3.88
3.6,3.8,4.02,4.19
3.59,4.11,3.98,4.07
3.44,3.5,3.51,4.01
3.56,3.52,3.98,3.82
3.71,4.19,3.52,4.14
3.37,3.75,4.15,4.22
3.47,4.2,4.1,4.14
3.4,3.61,4.05,3.63
3.76,3.81,3.48,4.02
3.49,3.43,3.7,3.66
3.67,3.96,3.56,3.79
3.63,3.67,3.95,3.67
3.64,3.71,4.02,4
3.42,3.87,4.13,4.06
3.41,3.45,3.99,3.7
3.49,3.93,4.11,3.87
3.41,4.2,3.84,3.91
3.57,3.7,3.76,3.86
3.37,4.13,4.11,3.71
3.48,3.47,3.56,3.89
3.4,3.76,3.97,4.1
3.31,3.65,3.77,3.67
3.75,3.95,3.5,3.68
3.54,3.6,3.83,3.85
3.53,3.41,4.15,4.21
3.7,4.07,3.91,4.04
3.69,3.42,3.72,4.05
3.41,3.86,3.81,3.85
3.35,3.87,3.61,4
3.66,4.09,4.07,3.64
3.68,4.19,3.46,4.02
3.64,3.42,3.62,4.2
3.52,3.98,3.53,4.01
3.56,3.66,3.99,4.17
3.67,3.4,3.78,4.08
3.68,3.83,3.99,3.7
3.41,3.94,3.95,4.19
3.32,4.21,3.56,3.67
3.49,3.41,4.1,3.96
3.44,3.97,4.08,3.72
3.75,4.11,4.01,3.64
3.42,3.5,3.97,3.89
3.52,3.85,3.74,3.81
3.77,3.5,3.78,3.93
3.37,3.71,4.09,3.99
3.66,4.08,3.63,3.66
3.52,3.92,4.12,3.71
3.63,4.11,3.48,3.98
3.47,3.43,4.06,3.84
3.41,3.87,4.04,4.08
3.73,4.05,3.82,4.03
3.68,3.74,3.55,4.15
3.49,3.77,3.55,4.06
3.76,3.68,3.52,3.9
3.31,4.21,4.06,4.05
3.61,3.77,3.52,3.8
3.31,3.94,3.93,3.82
3.46,3.45,3.45,4.12
3.7,3.59,3.47,3.91
3.72,4.18,4.13,4.12
3.49,3.91,3.91,4.14
3.54,3.82,3.8,4.16
3.72,3.81,3.52,4.2
3.5,3.88,3.87,3.9
3.54,3.81,3.8,3.83
3.47,4.05,4.07,3.99
3.74,3.86,3.98,3.86
3.52,4.12,3.91,4
3.69,4.03,3.86,4.07
3.4,3.49,3.76,4.06
3.54,3.89,3.72,3.86
3.59,3.45,3.77,3.73
3.76,3.77,4.13,3.9
3.39,4.12,3.93,3.72
3.44,3.66,3.53,4.18
3.42,4.17,3.48,3.84
3.49,4.23,3.83,3.73
3.75,3.73,3.53,3.65
3.46,3.74,3.47,4.03
3.68,3.88,3.96,4.02
3.32,4.03,3.72,3.84
3.52,3.58,3.87,3.67
3.45,4.24,3.74,3.88
3.45,3.88,4.03,3.82
3.38,3.83,3.98,4.05
3.74,3.47,3.63,4.01
3.69,3.55,3.97,3.86
3.73,3.85,4,3.77
3.71,4.02,3.94,4.24
3.56,4.08,3.77,3.91
3.47,3.7,4.06,4.06
3.56,4.23,4.02,3.72
3.48,3.91,3.94,3.93
3.48,4.03,3.98,3.65
3.59,3.99,4.08,3.94
3.63,3.73,3.84,4.23
3.32,3.81,3.7,3.87
3.66,3.92,4.12,3.65
3.59,3.93,3.49,3.65
3.32,3.41,4.09,3.87
3.52,4.24,3.67,3.73
3.65,3.41,3.77,3.64
3.42,3.74,4.04,4.1
3.65,3.74,3.52,3.91
3.34,3.92,3.83,3.81
3.35,3.9,3.67,4.19
3.52,3.57,4.15,3.7
3.52,3.68,3.74,4.22
3.39,3.81,3.99,3.82
3.49,3.77,3.67,4.18
3.53,3.92,3.6,4
3.47,4.17,3.73,4.14
3.47,3.94,3.92,4.24
3.36,3.66,4.13,3.81
3.45,4.02,4.1,4.23
3.37,4.12,4.12,3.87
3.47,4.18,3.86,3.87
3.73,3.74,3.78,3.84
3.41,3.54,3.9,3.97
3.37,3.71,4.04,3.73
3.46,3.77,4.02,3.97
3.58,4.12,3.85,3.97
3.76,3.84,3.84,4.1
3.55,3.9,3.59,4.15
3.59,3.71,4.1,3.9
3.72,3.72,3.56,3.82
3.61,3.42,3.87,3.79
3.6,3.99,4.08,3.75
3.41,3.76,4.11,3.67
3.44,4.03,3.57,3.84
3.59,4.14,3.58,3.8
3.49,3.64,3.59,4.23
3.61,3.38,4.07,3.98
3.66,3.89,3.88,3.85
3.4,3.42,4,3.99
3.32,4.2,3.93,3.72
3.47,4.06,3.84,3.91
3.65,3.81,3.83,4.02
3.7,3.82,3.86,3.93
3.41,4.06,4.12,3.88
3.51,4.08,3.81,4.25
3.36,4.08,3.94,4.18
3.41,3.69,4.15,4.02
3.43,4.09,3.57,3.98
3.4,4.24,4.07,4.01
3.49,4.23,4.01,3.75
3.32,3.62,3.54,3.87
3.72,3.39,3.68,3.65
3.43,3.97,3.99,3.92
3.71,3.5,3.73,3.97
3.6,4.13,3.49,3.77
3.45,3.56,3.54,4.23
3.31,3.47,3.92,4.19
3.35,3.57,3.68,4.08
3.46,3.97,4.05,3.96
3.5,4.03,3.48,4.17
3.37,3.56,3.77,3.71
3.45,3.91,3.54,4.12
3.68,4.17,3.51,3.71
3.71,4.19,3.66,4.12
3.55,3.97,3.8,3.8
3.62,3.97,4.04,4.17
3.34,4.15,3.82,4.22
3.76,4.1,3.63,3.72
3.31,3.82,4.16,3.92
3.57,3.52,4.1,4.24
3.69,3.6,3.76,3.93
3.4,3.39,3.71,4.17
3.67,3.53,3.51,4
3.63,3.67,3.73,3.86
3.34,3.77,4.08,3.81
3.57,4.09,3.81,3.76
3.39,3.73,3.77,4.1
3.69,3.92,4.04,3.87
3.68,3.88,3.44,3.95
3.69,3.42,4.09,3.94
3.68,4.05,3.47,3.99
3.42,4.14,4.16,4.17
3.55,3.81,3.5,4.24
3.4,3.48,3.5,3.88
3.34,3.98,3.68,4.14
3.72,4.24,3.84,4.1
3.49,4.08,3.8,3.99
3.68,3.8,4.15,4.22
3.51,4.2,3.76,3.75
3.48,3.81,3.97,3.7
3.46,4.13,4.08,4.16
3.4,4.22,4.14,3.9
3.45,4.16,3.66,4.16
3.6,3.81,4.09,4.18
3.52,3.48,4.07,3.67
3.38,4.12,3.96,4.18
3.69,3.98,4.17,3.91
3.53,4.17,4.08,3.95
3.71,3.54,3.46,4.02
3.69,3.87,4.07,4.2
3.69,3.85,3.54,3.64
3.55,3.7,3.88,3.93
3.45,3.76,3.53,4.06
3.53,3.78,3.67,4.08
3.37,4.05,4.02,4.06
3.68,3.91,3.81,3.71
3.32,3.72,3.86,3.82
3.66,4,3.66,3.85
3.73,3.39,4.05,4.13
3.48,3.67,4,3.8
3.7,3.41,3.77,3.76
3.54,4.16,3.5,4.22
3.45,4.16,3.64,3.64
3.77,4.19,3.52,4.25
3.56,3.66,4.15,4.05
3.32,4.08,4.09,4.14
3.31,3.75,3.91,3.81
3.55,3.65,3.73,3.64
3.66,4.02,3.93,4.09
3.46,4.03,4.06,4.15
3.52,3.44,3.68,4.09
3.58,3.59,3.94,3.72
3.68,3.88,3.95,4.1
3.76,4.19,3.66,4.11
3.54,4.18,3.58,4.04
3.72,4.05,4.01,4.1
3.62,3.72,4.08,4.15
3.61,3.39,3.82,4.01
3.71,3.8,3.59,3.68
3.34,3.88,3.54,3.93
3.32,3.61,4.15,3.68
3.36,4.04,3.86,3.88
3.39,3.44,3.51,3.88
3.37,3.53,4.04,3.67
3.71,4.09,4.03,3.85
3.76,3.88,3.96,3.7
3.45,4.13,3.76,4.13
3.38,3.76,3.77,4.22
3.46,3.48,3.72,3.67
3.56,3.89,3.96,4.22
3.61,4.1,3.83,3.95
3.6,3.52,3.93,3.82
3.35,3.44,3.71,3.68
3.76,4.22,3.61,3.94
3.51,4.04,4.09,4.12
3.6,3.55,3.62,4.07
3.65,3.74,4.1,3.66
3.67,3.82,3.79,3.68
3.47,3.44,3.69,3.88
3.64,4.18,4.02,3.81
3.55,4.06,4.12,3.77
3.63,4.1,3.93,3.8
3.38,3.76,3.51,4.13
3.57,3.69,4.14,4.21
3.75,3.87,3.9,3.88
3.64,3.79,4.06,4.19
3.73,4.02,3.87,3.83
3.62,3.87,3.82,3.93
3.34,3.51,3.66,3.77
3.55,4.02,3.45,4.03
3.31,3.92,4.13,4.24
3.46,3.5,3.55,4
3.72,3.7,3.79,3.85
3.63,3.45,4.06,4.03
3.45,3.7,3.63,3.71
3.47,4.18,3.71,4.18
3.55,3.73,4.14,3.94
3.57,3.76,4.09,3.91
3.38,4.19,3.88,3.99
3.67,3.71,4.16,4.02
3.4,3.7,4.14,3.67
3.32,3.53,3.66,4.05
3.45,3.61,3.67,3.78
3.69,3.6,3.74,4.07
3.48,4.05,3.47,4.14
3.53,3.5,3.49,4.13
3.67,3.83,3.77,3.97
3.64,3.97,3.94,3.95
3.42,3.75,3.86,3.72
3.59,4.15,4.12,4.11
3.34,4.13,3.82,3.8
3.68,4.2,3.5,3.94
3.68,3.82,3.48,3.81
3.45,4.22,3.52,3.71
3.67,4.21,3.7,4.02
3.55,3.8,3.9,3.66
3.54,4.15,4.1,4.09
3.63,3.7,3.96,3.83
3.69,3.97,4.09,3.63
3.69,3.58,3.84,3.95
3.74,3.87,3.5,3.66
3.39,3.92,3.51,3.8
3.72,4.02,4.12,4.07
3.74,3.43,4.11,3.67
3.76,3.39,3.89,4.15
3.68,3.83,3.77,3.63
3.69,3.44,3.95,3.78
3.36,3.45,3.45,4.09
3.58,4.05,3.98,3.83
3.53,4.22,3.83,3.69
3.68,3.45,3.73,3.85
3.63,4.18,3.56,3.8
3.59,3.66,3.65,4.15
3.31,4.14,4.13,3.82
3.62,3.67,3.76,4.12
3.73,3.7,3.5,4.18
3.42,3.95,4.16,3.9
3.55,3.5,3.65,4.19
3.73,4.01,3.85,3.86
3.69,3.77,4.15,4.23
3.37,3.47,4.15,3.69
3.75,3.42,3.52,4.06
3.48,3.61,3.64,3.94
3.34,3.64,3.91,3.87
3.75,3.92,3.84,4.02
3.41,3.57,4.11,4.07
3.72,3.83,3.77,3.63
3.51,4.17,3.79,3.73
3.32,3.79,3.46,4.07
3.54,3.83,4.01,4.04
3.4,3.46,3.57,4.23
3.31,3.39,3.56,4.1
3.71,3.49,3.78,4.22
3.63,3.77,3.66,4.07
3.68,4.1,3.56,3.81
3.73,4.08,3.89,3.7
3.49,3.91,3.89,4.11
3.71,3.61,4.01,4.03
3.75,3.53,4.14,3.66
3.62,3.89,3.98,3.85
3.35,3.63,3.49,4.22
3.7,3.65,3.63,3.94
3.46,4.1,4.15,3.9
3.47,3.46,4.04,3.91
3.35,3.46,3.66,3.76
3.66,3.56,4.04,3.86
3.45,4.07,3.88,3.86
3.56,4.01,3.96,3.66
3.44,3.89,4.16,4.11
3.73,3.38,3.98,3.89
3.76,3.86,3.84,4.14
3.77,3.67,3.47,4.16
3.39,3.58,3.59,3.76
3.35,3.79,3.71,4.04
3.4,3.55,3.46,3.92
3.58,3.59,3.87,4.18
3.34,3.65,3.9,3.76
3.49,3.71,3.92,4.05
3.73,3.64,3.61,4.01
3.64,3.49,3.68,3.81
3.57,3.44,3.84,3.71
3.48,3.62,3.85,4.03
3.41,3.94,3.45,4.09
3.32,3.4,4.05,3.83
3.6,3.58,3.89,4.03
3.74,3.88,3.68,3.87
3.35,3.83,3.86,4.07
3.32,3.65,3.98,3.75
3.35,3.65,4.07,4.18
3.58,3.78,3.48,3.81
3.51,4.19,3.76,3.86
3.37,3.84,3.84,3.67
3.48,3.6,3.82,3.7
3.39,3.97,3.69,3.95
3.65,3.73,3.78,3.8
3.46,3.7,4.01,4.15
3.45,3.72,3.95,3.64
3.59,3.95,3.66,3.87
3.4,4.21,3.74,3.84
3.35,3.51,3.81,3.64
3.74,3.93,3.97,3.71
3.62,4.1,3.74,3.89
3.49,3.69,4.14,3.94
3.68,3.49,4.01,3.88
3.45,4.07,3.52,3.96
3.6,3.82,4.1,4
3.7,3.91,3.88,3.64
3.51,3.63,3.94,3.92
3.66,4.03,3.71,4.23
3.72,3.59,3.81,3.95
3.55,4.22,3.77,4.05
3.51,3.91,4,3.82
3.73,3.54,3.71,4.11
3.57,3.88,3.76,4.11
3.33,3.69,4.17,3.95
3.47,3.5,3.78,4.24
3.75,4.2,3.6,3.71
3.54,4.11,3.48,3.64
3.52,3.39,3.62,4.11
3.73,4.22,3.89,4.13
3.38,4.14,3.53,3.7
3.67,3.49,4.1,3.79
3.49,3.66,3.99,3.64
3.31,4.06,3.68,3.81
3.69,3.87,3.44,4.11
3.37,3.76,4.04,3.95
3.63,4.19,4.13,3.85
3.47,3.52,3.63,3.86
3.65,4.05,4.13,3.63
3.49,3.71,3.94,3.82
3.53,3.39,3.79,4.03
3.54,3.77,3.78,4.23
3.53,4.09,3.99,4.16
3.73,3.47,3.66,3.64
3.47,3.63,3.86,4.19
3.76,3.58,3.83,4.12
3.66,3.8,3.45,4.11
3.5,3.51,3.9,3.91
3.35,3.58,3.47,3.88
3.75,3.85,3.88,3.82
3.77,3.47,4.02,3.67
3.65,3.93,3.66,3.77
3.38,3.96,3.89,3.78
3.37,3.81,3.73,3.93
3.73,4.05,3.66,4.09
3.39,4.17,4.08,3.92
3.43,3.41,3.46,3.67
3.34,4.19,3.74,4.22
3.42,3.92,3.95,4.21
3.69,3.81,3.69,4.12
3.75,3.47,3.64,4.24
3.6,3.62,3.78,3.97
3.66,3.54,3.72,4.23
3.59,3.82,3.89,3.68
3.5,4.05,3.51,3.86
3.6,3.71,3.75,3.77
3.74,3.65,3.61,3.75
3.62,4.18,4.14,3.72
3.72,3.51,3.97,4.02
3.62,3.99,3.89,4.11
3.51,4.22,3.77,3.99
3.38,3.86,4.13,3.72
3.65,3.78,3.95,4.13
3.5,3.93,3.58,4.02
3.44,3.83,4.06,3.87
3.41,3.48,3.58,4.05
3.69,3.63,3.68,3.79
3.46,3.68,4.12,3.84
3.76,3.86,4.11,4.2
3.61,3.4,3.75,3.81
3.37,3.92,3.9,3.92
3.6,3.92,4.03,4.18
3.72,3.72,3.91,4.07
3.75,4.18,3.94,3.67
3.36,4.13,4.09,3.72
3.65,4.21,3.86,3.63
3.36,4.06,3.59,4.02
3.57,3.46,3.77,3.91
3.45,3.74,3.8,3.71
3.46,4.2,3.8,4.22
3.42,3.8,3.54,3.96
3.6,3.6,3.63,3.78
3.75,4.12,3.84,3.94
3.34,3.53,3.53,4.05
3.61,3.88,3.73,3.68
3.61,3.5,3.86,3.8
3.45,4.21,3.62,4.13
3.39,4.15,3.76,3.91
3.35,3.66,4.16,3.97
3.38,3.79,3.71,3.9
3.67,3.84,4.02,3.66
3.54,3.46,3.73,3.73
3.67,4.01,4.13,3.91
3.66,3.61,3.58,3.76
3.37,3.81,4.08,3.66
3.4,4.19,3.57,4.15
3.68,4.21,3.48,4.24
3.35,4.04,3.9,4.12
3.74,3.75,3.69,4.16
3.37,3.9,3.88,3.78
3.42,3.88,3.56,4.23
3.52,3.59,3.49,3.75
3.69,3.91,3.58,4.22
3.48,3.93,4.07,4.25
3.57,3.82,4.03,4.07
3.41,4.15,4.12,4.24
3.33,3.9,3.9,3.98
3.51,3.57,3.59,3.79
3.51,4.04,3.87,3.9
3.61,3.69,3.89,4
3.61,3.63,3.69,3.68
3.5,3.77,3.8,4.02
3.56,3.52,3.95,4.24
3.39,3.89,3.65,3.75
3.7,3.68,3.96,4.12
3.35,3.42,3.58,4.19
3.4,3.56,3.45,4.22
3.4,3.51,3.83,4.23
3.36,3.73,3.83,3.95
3.34,3.66,3.51,4.24
3.54,3.42,3.53,4.1
3.37,3.62,3.91,3.73
3.56,4.21,4.03,3.93
3.42,3.79,4.04,4.08
3.52,3.47,3.51,3.78
3.54,3.95,4.14,4.03
3.34,4.22,4.15,4.04
3.52,3.79,3.93,3.73
3.71,3.86,3.96,3.98
3.38,3.39,4.1,4.11
3.56,3.92,3.7,3.94
3.66,3.83,3.92,3.64
3.67,3.84,4.05,3.64
3.76,3.63,3.6,3.85
3.58,3.78,3.54,4.2
3.76,4.16,3.88,3.77
3.72,4.17,3.71,4.02
3.55,3.48,4.06,3.77
3.73,3.55,3.6,3.83
3.33,4.03,3.64,4.16
3.4,3.46,3.6,4.08
3.48,3.78,3.45,3.69
3.36,4.01,3.96,3.9
3.7,3.53,4,3.65
3.46,3.45,3.68,3.93
3.39,4.07,4.03,4.04
3.35,3.6,3.73,3.7
3.68,3.8,3.95,3.81
3.75,4.14,3.89,3.88
3.62,3.67,3.66,4.2
3.77,4.01,3.65,4.25
3.62,3.5,3.86,3.66
3.68,3.6,3.71,4.1
3.68,3.95,4.01,3.86
3.56,3.96,3.61,3.87
3.7,3.66,3.85,4.1
3.59,3.58,3.77,4.2
3.58,3.8,3.76,4.22
3.43,3.65,3.58,3.99
3.58,4.24,3.79,3.85
3.37,3.56,3.71,4.12
3.43,3.69,3.86,3.79
3.42,3.48,3.56,3.98
3.59,3.59,3.59,3.85
3.32,3.8,4.03,4.04
3.76,4.07,3.49,3.78
3.34,4.08,3.59,3.75
3.67,4.13,3.5,4.2
3.58,3.99,3.86,3.69
3.38,4.02,3.6,3.94
3.37,3.73,4.03,3.77
3.54,3.78,3.6,3.65
3.7,3.69,4.1,3.65
3.73,3.8,3.59,3.74
3.46,4.08,3.93,4.17
3.33,3.58,3.56,3.81
3.43,4.09,3.69,4.22
3.59,3.89,3.66,3.99
3.67,4.13,3.53,3.9
3.48,3.9,4.07,3.99
3.42,3.7,3.51,3.95
3.46,3.56,3.67,4.1
3.65,4.02,3.47,3.81
3.57,3.83,3.87,3.85
3.4,3.73,4.04,4.18
3.64,3.87,3.51,4.22
3.35,4.02,3.68,4.18
3.64,4.08,3.72,3.89
3.65,4.12,4.03,4.11
3.56,3.97,3.86,3.93
3.66,3.44,3.98,3.94
3.33,4.01,3.52,3.76
3.57,4,3.53,4
3.7,3.96,3.65,3.75
3.72,3.85,3.74,3.84
3.77,3.66,3.98,4.16
3.69,3.67,3.51,3.76
3.62,3.99,3.92,3.67
3.51,3.94,3.55,3.67
3.39,3.99,4.14,4.21
3.52,4.2,3.86,3.94
3.56,4.05,3.92,3.88
3.57,3.48,3.96,4.13
3.71,3.62,3.5,4.15
3.67,3.64,4.09,3.84
3.38,4.14,4.05,4.06
3.54,4.08,3.62,4.11
3.76,3.66,3.63,4.04
3.55,3.91,4.09,3.72
3.39,3.87,4.07,4.17
3.41,4.14,3.65,3.96
3.47,4,4.09,3.81
3.36,3.75,4.12,3.89
3.71,4.22,4.09,3.65
3.48,3.79,3.8,3.71
3.32,3.64,3.59,4.1
3.71,3.56,4.09,3.63
3.52,3.8,4.17,3.89
3.65,3.95,3.55,3.95
3.73,4,3.96,3.66
3.33,3.56,3.93,4.23
3.38,4.2,3.64,3.77
3.61,3.76,3.52,3.82
3.34,3.98,3.87,3.82
3.32,3.49,3.56,3.77
3.38,4,3.83,3.63
3.75,4.14,4.09,4.08
3.57,3.81,4.09,4.23
3.38,3.78,3.45,3.77
3.36,3.99,3.57,4.04
3.59,3.46,3.52,4.09
3.67,4.08,3.66,4.16
3.54,3.99,4.11,3.89
3.49,3.9,3.48,3.82
3.38,3.57,3.48,3.83
3.63,3.82,3.87,4.07
3.48,3.96,3.8,4.14
3.64,3.91,4.13,3.74
3.51,3.59,3.9,3.86
3.34,3.93,3.68,4.19
3.42,4.22,4.13,4.13
3.31,4.19,3.72,4.24
3.37,3.8,3.73,4.1
3.41,3.4,3.5,3.87
3.75,3.71,3.68,4
3.39,3.9,4.09,4.04
3.72,3.74,3.71,3.68
3.36,3.42,3.55,3.97
3.55,4.06,3.89,4.07
3.33,4.05,4.14,3.73
3.54,3.9,3.98,4.11
3.72,3.5,3.52,3.99
3.57,3.91,4.11,4.22
3.77,4.14,3.87,3.66
3.36,3.43,3.59,3.79
3.36,4.01,3.65,4
3.59,3.77,3.93,3.81
3.72,4.21,4.14,4.07
3.73,3.97,3.46,4.1
3.54,3.71,4.04,3.69
3.76,3.9,4.05,3.95
3.43,4.08,4.09,3.95
3.52,4.11,4.16,3.86
3.64,3.93,3.79,4.21
3.4,3.84,4.04,4.14
3.38,3.51,3.96,4.06
3.33,3.79,4.04,4.07
3.63,3.77,4.08,3.92
3.74,3.62,3.83,4.2
3.42,3.89,3.78,4.06
3.7,3.79,3.6,4.08
3.54,3.85,4.06,4.16
3.74,4.01,4.1,3.8
3.41,4.22,4.1,4.13
3.39,4.16,3.79,3.75
3.33,4.17,4,3.84
3.69,3.55,3.66,3.84
3.47,4.04,3.78,4.24
3.59,3.74,3.72,4.16
3.45,3.8,3.45,4.06
3.61,4.22,3.75,4.08
3.5,4.16,3.99,3.98
3.74,3.86,4.08,4.22
3.34,4.13,3.63,3.94
3.6,3.57,3.64,3.87
3.66,3.93,3.46,3.73
3.33,4.21,3.56,4.12
3.57,3.75,3.92,4.09
3.63,3.56,4.15,3.87
3.43,3.85,4,3.65
3.38,3.47,4.03,4.15
3.65,3.97,3.85,3.64
3.33,3.95,3.48,4.07
3.33,3.85,3.99,4.23
3.54,3.57,3.6,3.9
3.47,4.21,3.49,3.78
3.76,3.62,3.73,4.07
3.74,3.66,3.5,4.14
3.71,4.17,4.01,3.97
3.58,3.77,3.96,4.23
3.62,3.74,3.81,3.66
3.41,3.56,4.13,3.94
3.37,3.51,4.1,4.08
3.73,3.72,3.89,4.16
3.46,3.55,3.83,3.74
3.59,3.99,3.92,4.13
3.38,4.03,4,3.97
3.54,3.92,3.97,3.88
3.53,3.68,3.52,3.71
3.38,3.86,3.99,4.17
3.58,4.04,3.83,3.73
3.41,3.59,3.81,3.82
3.65,3.88,3.83,3.81
3.41,3.57,3.51,4.17
3.71,3.39,3.71,4.05
3.4,4.09,3.95,4.12
3.68,4.22,3.91,3.79
3.38,3.69,3.5,4.02
3.7,3.63,3.91,3.98
3.59,3.82,3.73,4.15
3.46,3.69,3.73,4.19
3.41,3.48,4,3.64
3.66,4.11,3.84,4.05
3.38,3.97,3.97,3.66
3.67,3.51,3.57,3.97
3.46,4.2,3.92,3.81
3.72,3.4,3.58,3.82
3.66,4.1,3.65,3.85
3.32,3.51,3.72,4.02
3.76,3.92,3.6,3.84
3.63,3.59,3.92,4.08
3.63,4.04,3.45,3.88
3.42,4.09,4.07,3.67
3.68,3.62,3.78,4.12
3.73,4.12,4.03,3.81
3.38,4.17,3.83,3.9
3.38,3.57,4.07,4.05
3.7,3.67,4.11,3.84
3.44,4.12,4.11,3.67
3.55,3.71,3.98,3.86
3.58,3.82,3.54,4.22
3.36,4.2,3.87,4.03
3.61,4.12,3.95,4.05
3.57,4.08,4.01,4.02
3.42,3.65,4.07,3.75
3.53,4.05,3.9,3.89
3.68,3.73,4.12,4.1
3.57,3.85,4.01,3.69
3.42,3.4,3.94,3.8
3.64,3.58,4.14,3.8
3.49,3.96,3.54,3.9
3.35,3.58,3.57,4.24
3.59,3.56,3.88,3.67
3.74,4.12,3.66,3.95
3.39,3.5,3.86,3.74
3.52,4.2,3.46,4.23
3.35,3.78,4.11,3.7
3.66,4.18,3.52,3.88
3.42,3.98,3.72,4.09
3.48,4.14,4.01,4.07
3.66,3.65,3.73,3.89
3.42,3.46,3.59,3.84
3.74,4.13,3.58,3.88
3.75,3.72,3.69,3.79
3.53,4.03,3.65,3.76
3.74,3.99,4.04,3.93
3.54,3.84,3.87,3.8
3.71,3.89,3.62,3.81
3.37,3.82,3.44,4.04
3.4,3.44,3.7,4.23
3.61,3.52,4.04,4
3.71,3.55,3.89,3.68
3.34,3.53,3.69,3.68
3.67,3.58,3.81,4.22
3.44,3.56,3.49,3.81
3.73,3.77,3.96,3.69
3.46,4.12,4.05,4
3.37,3.7,3.64,4.02
3.65,4.15,3.75,4.03
3.63,3.62,3.88,3.8
3.51,3.99,3.87,3.64
3.71,3.54,3.59,4.23
3.6,3.44,4.07,3.79
3.47,3.91,3.55,4.05
3.56,3.51,3.53,4.07
3.43,3.43,3.93,4.01
3.72,4.19,3.86,3.82
3.75,4.09,3.89,3.8
3.76,4.02,4.05,4
3.67,3.39,3.57,4.17
3.61,3.73,4.06,4.22
3.72,3.85,3.81,3.7
3.41,3.63,3.54,3.73
3.58,4.01,4.1,4.22
3.38,4.06,3.99,4.09
3.62,3.74,3.99,4.18
3.48,3.49,3.87,3.76
3.41,3.91,3.64,3.99
3.4,3.4,4.17,4.06
3.76,3.49,4.03,4.05
3.75,3.84,3.89,3.88
3.43,4.04,4.06,3.64
3.76,4.06,3.94,3.99
3.59,4.13,3.92,3.79
3.7,4.06,4.04,3.91
3.66,3.49,3.51,4.22
3.36,3.89,4.15,3.88
3.57,3.95,3.58,4.15
3.48,4.16,3.69,3.75
3.55,4.15,3.7,4.05
3.35,3.69,3.67,4.24
3.52,3.94,3.58,3.69
3.65,3.7,3.8,3.64
3.74,4.01,3.91,3.9
3.57,3.89,3.8,3.69
3.35,3.93,4.13,4.09
3.57,3.83,4.13,4.2
3.53,4.19,3.63,3.9
3.63,4.02,4.14,3.79
3.62,3.7,4.11,3.9
3.37,4.18,3.98,4.08
3.35,3.96,3.55,3.64
3.45,3.67,3.66,4
3.61,3.62,3.54,4.01
3.33,3.98,4.01,4.03
3.67,4.21,3.49,3.78
3.37,3.46,3.64,4.07
3.43,3.43,3.49,3.69
3.68,3.67,3.69,3.75
3.76,3.42,3.78,4.17
3.59,3.46,3.88,4.09
3.59,3.64,4.1,3.64
3.68,3.61,3.5,3.78
3.76,3.64,3.91,3.76
3.64,3.76,4.01,3.8
3.45,4.09,3.9,3.78
3.48,4.05,3.87,3.67
3.44,3.93,4.14,3.91
3.43,3.94,3.72,4.08
3.55,3.61,3.73,4.01
3.43,3.77,4.02,4.05
3.7,3.68,4.14,3.68
3.54,3.56,3.6,4.22
3.4,3.84,3.95,4.15
3.45,3.77,3.84,4.13
3.54,4.15,3.49,4.14
3.39,4.21,4.01,4.21
3.71,3.59,3.69,3.97
3.58,4.12,3.79,3.75
3.33,4.03,4.1,4.01
3.45,4.07,3.54,4.09
3.67,3.47,3.95,4.09
3.53,4.15,3.46,3.95
3.76,3.88,3.44,3.67
3.55,3.78,3.67,3.86
3.69,3.45,4.06,4.2
3.36,3.68,3.9,3.99
3.45,4,4.05,3.96
3.73,4.2,3.45,3.8
3.68,3.41,3.78,3.86
3.45,3.42,3.53,4.19
3.54,3.4,3.65,4.04
3.6,3.53,3.94,4.12
3.62,4.02,3.68,3.91
3.49,3.53,3.93,4.02
3.77,3.39,3.73,3.78
3.55,3.7,3.66,4.07
3.38,4.09,3.97,3.9
3.6,3.83,3.59,3.9
3.61,3.4,3.83,4.03
3.39,4.15,3.8,4.21
3.55,3.4,3.98,3.67
3.47,3.83,4.15,4.14
3.52,4.09,4,3.81
3.38,3.49,3.83,3.91
3.42,3.51,3.62,3.64
3.45,3.68,3.64,3.82
3.55,4,3.54,3.94
3.5,3.76,3.9,3.66
3.43,3.88,3.49,3.93
3.64,3.49,3.79,4.2
3.46,3.91,4.09,3.7
3.69,3.89,4.12,4.1
3.69,4.06,3.73,3.88
3.57,4.06,4.15,4.04
3.37,3.4,3.9,3.79
3.51,3.78,3.46,3.73
3.32,4.03,3.48,3.73
3.73,4.04,4.03,3.67
3.75,4.14,3.98,3.75
3.71,3.85,3.97,4.04
3.33,3.91,3.46,4.18
3.73,3.4,3.64,4.13
3.52,3.48,3.88,4.05
3.44,3.62,3.47,3.7
3.73,3.85,3.61,3.81
3.59,3.97,3.99,3.82
3.41,3.91,3.59,3.78
3.5,3.76,3.58,3.95
3.7,3.91,3.48,3.96
3.41,4.21,3.96,3.85
3.58,3.84,3.98,3.85
3.5,3.71,4,4.14
3.36,3.97,3.86,4.12
3.71,4.23,3.65,3.82
3.43,3.44,4,4.2
3.7,3.87,3.56,4.22
3.41,3.81,3.6,3.83
3.61,3.84,4.07,3.85
3.63,3.42,4.11,3.94
3.38,3.8,3.67,4.21
3.59,4.1,4.13,4.17
3.67,3.67,3.54,3.69
3.44,3.41,3.73,3.87
3.36,4.07,3.53,3.97
3.75,3.98,3.56,3.94
3.37,3.68,4,3.75
3.48,3.97,3.84,4.16
3.74,3.79,3.95,4.05
3.59,3.67,3.82,4.15
3.53,3.46,3.78,4.16
3.75,4.11,3.62,4.09
3.57,3.73,3.91,3.9
3.42,3.41,3.5,4.01
3.48,4.22,3.56,3.73
3.5,3.64,4.13,4.05
3.67,3.96,3.69,3.74
3.52,4.23,3.48,4.06
3.5,3.46,3.99,3.77
3.32,3.58,3.97,3.7
3.52,4.12,3.63,3.73
3.47,3.75,3.89,3.63
3.65,3.93,4.1,4.08
3.45,3.71,3.92,4.08
3.67,3.64,3.72,3.95
3.55,3.45,4.08,3.73
3.47,4.08,3.87,3.68
3.44,3.98,3.57,3.64
3.53,3.79,3.81,3.73
3.64,3.56,3.61,4.18
3.55,3.48,4.04,3.78
3.61,4.13,3.98,3.85
3.61,4.14,3.59,3.7
3.62,4.19,4.08,3.77
3.72,4.18,3.48,3.95
3.76,3.97,3.95,4.01
3.42,3.41,3.95,3.78
3.38,4.17,3.95,3.67
3.67,3.6,3.48,3.87
3.35,3.96,4.06,3.78
3.45,3.87,4.03,3.77
3.48,4.1,3.72,4.23
3.51,3.66,3.73,4.01
3.76,3.49,3.71,3.98
3.32,4.18,3.65,3.89
3.56,4.14,3.96,3.9
3.34,3.92,4.15,3.97
3.7,3.42,3.64,4.06
3.47,3.56,3.78,4.07
3.63,3.71,3.6,3.74
3.76,3.6,3.61,3.94
3.63,3.52,3.61,3.89
3.77,3.67,3.89,4.17
3.64,3.54,3.77,4.02
3.66,3.67,4.07,3.96
3.74,4.12,3.53,3.7
3.32,3.83,3.46,4.01
3.6,3.6,3.65,3.7
3.68,3.98,3.68,3.84
3.46,4.21,4.05,3.72
3.7,4.15,3.75,4.06
3.7,3.89,3.76,3.76
3.69,4.12,4.14,3.87
3.63,3.94,4.14,4.19
3.45,3.85,3.53,3.76
3.53,3.47,3.58,3.94
3.63,3.83,3.72,3.89
3.33,3.73,3.45,3.64
3.72,3.72,3.5,4.12
3.51,3.88,3.81,3.67
3.51,4.19,3.52,3.92
3.73,4,3.46,3.98
3.46,3.42,3.74,4.02
3.43,3.81,3.88,4.06
3.52,4.17,3.8,3.79
3.52,3.68,3.56,3.64
3.6,3.41,4.15,4.08
3.68,3.6,4.05,3.96
3.6,3.44,3.79,4.15
3.36,4.2,3.96,4.14
3.77,3.67,3.57,4.15
3.56,3.51,3.67,3.93
3.69,4.18,3.92,3.84
3.44,4,3.95,4.12
3.35,4.01,4.08,3.91
3.41,4.13,3.62,3.74
3.43,3.85,3.9,4.16
3.54,3.52,3.96,4.18
3.31,3.51,3.8,3.92
3.65,3.93,3.92,3.68
3.45,3.76,3.98,3.87
3.44,3.95,3.92,4.13
3.46,3.64,3.55,4.19
3.71,3.7,4.09,3.76
3.65,4.08,3.64,3.67
3.73,4.14,3.48,4.17
3.53,3.83,3.48,3.87
3.6,4.08,3.98,3.97
3.76,4.01,3.82,4.23
3.72,3.96,4.03,3.67
3.33,3.85,3.95,4.03
3.51,3.59,3.7,3.68
3.56,3.44,3.48,3.86
3.51,4.06,3.66,4.13
3.42,3.5,3.77,3.9
3.69,3.82,3.84,4.25
3.76,4.23,3.55,3.98
3.39,3.47,3.86,3.83
3.31,4.12,3.72,3.77
3.44,3.51,3.52,3.85
3.42,3.44,4.16,3.86
3.59,4.1,3.61,3.67
3.63,4.13,3.83,3.86
3.76,4.15,3.57,3.92
3.45,3.96,3.82,4.08
3.57,4.01,4.09,4.04
3.36,3.7,3.81,4.07
3.58,3.86,3.75,3.64
3.71,3.75,3.53,3.76
3.6,3.45,3.77,4.04
3.46,4.02,3.44,3.93
3.7,3.67,3.73,3.63
3.65,3.96,4.03,4.13
3.32,4.17,3.72,4.11
3.56,4.19,4.17,3.97
3.31,4.16,3.49,3.67
3.5,3.6,3.65,4.11
3.55,4,4,3.99
3.66,3.45,3.51,4.11
3.77,3.95,3.84,4.1
3.33,4.05,3.7,4.13
3.71,4.13,3.55,3.95
3.68,3.65,3.92,3.72
3.7,3.69,3.68,4.05
3.54,3.68,3.51,4.01
3.72,4.05,4.09,4.09
3.42,4.19,3.99,3.74
3.47,3.77,3.79,3.75
3.52,3.46,3.47,4.18
3.66,4.13,3.74,4.09
3.42,3.78,4.13,4.19
3.75,4.21,3.94,4.1
3.44,3.54,3.58,4
3.46,3.44,4.14,4.04
3.77,3.75,3.96,4.18
3.66,3.49,3.66,3.99
3.36,3.7,4.11,4.02
3.65,4.22,3.53,3.73
3.44,4.09,3.99,3.92
3.52,3.74,4.02,4.07
3.58,3.99,3.7,3.8
3.58,3.73,3.96,3.76
3.69,3.9,4.14,3.82
3.67,3.63,3.5,3.78
3.5,3.81,3.5,3.76
3.65,3.85,3.83,3.89
3.41,3.72,3.94,4.19
3.62,3.55,3.5,3.94
3.37,3.83,3.9,3.75
3.34,4.2,4.06,3.68
3.76,3.75,3.54,4.06
3.75,3.92,3.61,3.87
3.32,4.11,3.49,4.14
3.72,3.84,3.53,4.04
3.48,3.82,4,4.12
3.56,4.12,3.96,3.8
3.56,4.07,3.51,4.06
3.62,4.22,3.8,3.79
3.54,3.73,4.01,4.21
3.48,3.72,3.79,4.02
3.44,3.59,3.66,3.83
3.56,3.89,3.65,3.8
3.45,3.98,3.57,3.75
3.36,3.67,3.97,4.06
3.5,4.05,3.55,3.77
3.44,3.59,3.47,4
3.53,3.75,3.98,3.79
3.65,4.01,3.81,4.04
3.65,3.84,3.7,4.14
3.46,4.14,4.02,4.11
3.57,3.6,4.09,4.1
3.34,3.48,3.86,3.75
3.35,4.02,3.76,3.68
3.45,4.12,3.76,4.06
3.54,3.64,3.93,3.86
3.48,3.92,3.73,3.9
3.57,3.75,3.96,3.65
3.4,3.92,3.65,3.79
3.56,3.67,3.84,3.65
3.44,3.4,3.63,4.18
3.61,3.43,3.88,3.78
3.38,4.01,4.03,3.98
3.51,4,3.82,3.65
3.64,3.57,3.61,4.04
3.73,4.15,4,3.83
3.42,3.55,3.52,4.19
3.37,3.51,3.56,4.18
3.56,3.54,3.83,3.83
3.72,3.67,4.09,4.19
3.58,3.79,3.97,4.25
3.48,4.09,3.97,4.14
3.37,3.6,3.72,4.15
3.65,3.99,3.75,3.78
3.63,3.82,3.68,3.99
3.7,3.77,3.69,3.67
3.58,3.7,4.12,3.69
3.37,3.58,4.04,4.25
3.4,3.51,4.13,3.83
3.5,3.62,3.93,4.09
3.35,4.05,4.14,4.13
3.35,4.05,4.07,4.16
3.68,3.69,3.89,4.25
3.77,3.86,3.52,3.78
3.33,3.4,3.83,3.66
3.51,3.45,4.07,3.88
3.34,4.23,3.96,3.71
3.43,3.84,3.55,3.64
3.32,3.63,3.71,3.85
3.34,3.5,3.6,4.12
3.63,3.78,3.73,3.98
3.65,3.5,4.15,3.82
3.51,3.42,3.89,4.04
3.58,3.71,3.62,3.77
3.62,3.69,3.89,3.64
3.57,3.72,3.71,4.1
3.68,3.38,3.55,4.02
3.58,3.5,3.48,4.1
3.71,3.94,3.48,3.65
3.7,4.11,3.56,4.15
3.33,3.82,3.95,4.01
3.6,3.62,4.07,3.98
3.39,3.71,3.95,4.02
3.49,3.39,4.14,4.17
3.66,4.07,3.99,3.99
3.54,3.46,3.9,3.99
3.74,4.21,3.82,4.24
3.36,3.7,3.98,4.1
3.73,3.45,3.51,3.9
3.55,4.2,3.79,4.07
3.41,3.76,3.79,3.87
3.44,4.1,3.95,3.77
3.33,4.02,3.52,4
3.44,3.86,4.1,4.21
3.49,4.02,3.97,4.21
3.4,3.69,3.48,3.84
3.47,3.84,3.72,3.96
3.55,3.7,3.68,3.76
3.59,4.14,3.44,4.25
3.62,3.67,4.03,4.24
3.63,3.77,4.11,4.03
3.6,3.91,4.11,4.13
3.52,4.2,4.1,4.07
3.55,3.9,3.7,4
3.32,4,3.7,3.66
3.71,3.7,3.89,3.91
3.33,3.52,3.98,4.05
3.66,3.95,3.6,4.05
3.76,4.04,3.95,3.86
3.46,3.85,4.03,4.21
3.44,3.47,3.61,3.73
3.54,3.58,4.07,3.94
3.54,3.54,3.93,4.06
3.67,4.23,3.81,4.06
3.36,3.48,4.07,4.03
3.48,4.21,4.14,3.8
3.71,3.91,3.87,3.73
3.39,3.83,3.88,4.02
3.36,4.01,4.01,4
3.36,3.49,4.06,3.74
3.49,3.59,4.04,4.07
3.6,3.49,3.69,3.91
3.56,3.52,3.83,4.04
3.74,3.39,4.03,4.15
3.58,4.12,3.45,3.74
3.61,3.61,3.62,3.64
3.35,3.58,3.79,4.11
3.44,3.71,3.81,4.01
3.68,3.73,4.03,4.06
3.47,4.16,3.8,4.15
3.31,3.63,3.56,4.13
3.46,4.09,3.52,4.23
3.76,3.55,3.46,3.96
3.6,3.97,4.16,3.93
3.35,4.23,3.57,3.88
3.42,4.07,4.13,3.73
3.64,3.74,4.1,3.99
3.67,3.78,3.61,3.8
3.6,4.14,4.16,4.2
3.51,3.6,4.12,3.99
3.46,3.41,4.15,4
3.49,3.64,3.94,3.85
3.47,3.49,4.11,3.66
3.7,3.87,4.1,3.65
3.62,3.58,3.64,3.89
3.45,3.82,3.98,3.68
3.34,3.55,3.87,4.01
3.69,3.54,3.65,4.18
3.47,3.47,3.66,4.18
3.63,4.23,3.84,4.04
3.6,3.54,3.46,3.76
3.53,3.4,3.61,4.17
3.61,3.8,3.81,4.18
3.46,4.19,3.93,3.75
