Master Idle (w),Master Normal 1 node (w),Master Normal 2 nodes (w),Master Busy 5 nodes (w)
3.03,3.69,4.09,3.65
2.95,3.65,4.52,3.99
2.92,3.77,5.14,4.14
2.94,3.82,3.7,4.09
3.02,3.59,4.09,3.67
3.76,3.69,3.77,4.10
2.92,3.92,3.65,3.57
2.96,3.63,4.09,3.66
3.29,3.59,4.16,3.97
3.23,3.76,3.65,4.11
2.91,4.43,3.76,3.66
3.10,4.36,4.08,4.00
3.02,4.1,3.72,3.92
3.34,3.83,4.03,3.84
3.01,3.7,3.63,3.82
2.99,4.46,4.15,3.72
3.03,4.06,4.02,4.15
3.07,3.64,3.99,3.81
2.94,3.71,3.84,4.05
3.00,3.9,3.81,3.56
3.09,3.66,3.9,3.71
3.14,3.85,4.08,3.92
3.24,3.95,3.94,3.83
3.20,3.68,3.76,3.70
3.22,3.91,4.2,3.88
2.95,3.81,3.67,3.58
3.33,4.18,3.65,3.85
3.31,4.05,3.98,3.82
3.29,4.1,3.71,3.67
3.23,3.92,3.8,3.86
3.37,3.6,4.17,4.18
3.52,3.81,3.9,3.90
3.53,3.89,4.1,3.76
3.31,3.7,3.7,3.80
3.21,3.9,4.12,3.95
3.27,3.87,4.15,3.71
3.76,3.91,3.75,3.63
3.82,3.58,3.8,3.91
3.40,4.1,4.16,3.94
3.84,4.3,4.05,3.69
4.10,4.26,4.17,3.71
4.12,3.56,4.01,4.14
4.98,3.88,3.97,4.00
3.34,3.75,4.13,3.54
4.24,3.93,3.72,4.05
4.79,3.66,3.76,3.73
3.19,3.78,4.11,3.80
3.25,3.52,4.07,4.07
3.27,3.83,3.7,3.73
3.29,3.63,4.13,4.17
3.35,3.64,4.05,3.76
3.22,3.67,3.68,4.10
3.27,3.86,4.08,3.56
3.31,3.57,3.76,3.61
3.28,3.76,3.65,4.03
3.30,3.75,4.07,3.69
4.32,3.81,4.14,3.70
4.17,3.76,4.08,4.10
3.68,3.62,4.27,3.76
4.68,3.77,4.04,4.25
4.88,3.92,3.93,4.14
4.42,3.9,4.01,4.63
4.69,3.85,4.14,3.67
4.40,3.6,3.84,4.03
4.26,3.76,3.86,3.95
4.50,3.88,3.91,4.58
3.64,4.05,3.64,4.34
4.28,3.96,3.98,4.19
3.01,3.67,3.67,3.71
3.73,4.03,3.96,3.71
5.02,3.88,4.09,3.60
3.96,3.93,3.88,4.48
3.49,4.05,4.21,4.20
3.96,3.66,3.74,4.31
3.49,3.82,4.13,3.56
4.26,3.75,4.06,4.60
3.67,3.59,3.7,4.45
3.83,3.88,4.36,3.77
3.65,4.21,3.95,3.74
4.34,3.55,3.82,3.74
4.38,3.82,3.75,3.87
4.22,3.92,3.92,4.11
4.32,3.85,3.94,4.01
4.41,3.81,3.97,5.53
4.34,3.63,3.91,4.14
4.34,3.86,4.05,4.75
4.14,3.71,3.9,4.56
4.25,3.52,3.67,4.87
3.51,4.01,3.93,4.28
4.42,3.97,3.63,5.41
3.83,3.84,4.01,5.38
4.33,3.86,3.81,4.06
4.35,3.99,3.98,5.06
4.35,3.86,4.15,4.65
4.39,3.96,3.81,4.37
4.21,3.78,4.12,5.58
4.45,4.03,3.89,5.13
4.05,3.88,4.22,5.02
2.93,3.86,3.9,4.19
3.64,3.64,3.83,4.36
3.93,3.87,4.06,5.36
4.47,3.7,3.89,5.45
3.88,3.73,3.83,4.19
3.02,3.71,3.88,4.96
4.24,3.67,3.95,5.16
4.35,4.15,4.16,4.14
3.76,4.03,3.67,4.23
4.08,4.12,3.96,5.59
4.45,3.64,4.05,5.79
4.46,3.84,3.99,4.40
4.42,3.63,4.15,5.77
4.16,3.72,3.94,5.05
4.50,3.69,3.93,3.81
4.44,4.01,4.04,4.37
3.66,3.77,3.97,5.68
3.32,3.99,3.9,4.50
4.47,3.92,4.03,5.44
4.25,4.17,3.86,3.72
4.26,3.61,3.86,4.88
4.48,4.02,3.88,4.89
4.37,4,4.16,5.62
3.87,3.68,3.63,4.53
4.34,3.98,4.02,3.58
4.00,3.88,3.96,5.79
4.27,3.79,3.7,5.75
4.35,3.7,4,4.46
3.13,3.72,4.03,3.84
3.75,4.14,4.04,3.78
4.45,3.83,3.63,4.26
4.28,3.95,4.16,4.42
4.47,3.71,3.85,5.27
3.17,3.71,4.06,4.09
3.47,3.99,4.07,3.52
4.47,3.63,3.82,4.79
4.48,3.77,4.06,4.71
3.62,3.83,3.9,4.86
4.34,3.84,3.65,5.07
3.26,3.8,4.13,4.61
4.27,3.89,3.84,4.02
4.39,3.93,3.83,4.38
4.38,3.94,3.9,4.96
4.23,3.68,4,3.80
4.22,3.79,3.95,4.55
4.38,4.01,4.04,3.55
4.50,3.96,3.76,3.91
3.21,3.62,3.84,5.27
4.34,3.88,3.94,5.52
4.33,3.53,4.24,5.26
3.33,3.84,3.94,4.29
4.39,4.11,4.12,5.17
3.27,3.69,3.96,5.05
4.00,3.7,3.88,5.19
4.43,3.94,3.92,3.74
4.46,3.6,3.93,5.75
3.32,3.73,4.05,5.13
4.43,3.92,4.16,4.14
4.42,3.73,4.01,3.62
4.30,3.79,4.13,5.67
3.60,3.94,3.81,3.86
3.68,3.89,3.89,4.56
4.28,3.87,3.85,5.22
4.40,3.78,4,3.56
4.01,3.88,3.9,5.03
2.98,3.81,4.07,4.17
3.26,3.9,3.82,3.94
4.31,3.75,3.96,3.99
2.94,3.8,4.06,4.76
3.21,3.68,3.65,5.11
4.22,3.82,4.27,5.24
4.25,3.71,3.91,5.07
2.91,3.66,3.65,5.50
4.25,3.87,3.98,3.75
3.42,3.86,3.96,4.75
3.34,3.95,3.94,5.65
4.29,3.76,4.1,4.72
3.16,3.89,4.07,5.77
4.44,3.91,4,5.53
3.79,3.89,4.02,3.63
2.93,3.7,3.94,4.60
4.42,3.85,4.22,4.55
4.50,3.88,3.73,4.13
4.20,3.83,3.98,5.06
4.43,3.52,3.97,5.70
4.37,3.85,4.08,5.12
4.45,4.16,3.83,4.54
4.48,3.77,3.69,3.98
4.39,3.72,3.98,3.94
3.42,3.88,4,3.54
3.78,3.88,4.18,3.76
3.89,4.01,3.77,3.88
3.04,3.64,4.13,5.72
3.81,3.94,4.31,3.67
3.37,3.92,3.9,5.07
3.71,3.81,3.76,5.10
3.90,3.88,3.9,5.00
4.34,3.98,3.96,4.52
3.61,3.96,4.04,4.33
3.73,3.66,3.87,4.71
3.46,3.95,4.19,5.34
3.21,3.82,3.79,3.60
4.47,3.84,3.7,5.32
3.75,3.84,4.12,5.26
4.30,3.81,3.63,3.53
3.80,4.01,3.93,4.81
4.49,3.82,4.42,5.22
4.23,3.66,3.95,3.70
3.02,3.77,3.79,5.77
3.51,3.86,3.95,4.70
4.39,4.01,3.95,5.25
4.23,3.92,3.98,4.93
3.24,3.7,4.06,5.35
4.35,4.2,3.8,4.39
3.33,3.87,4.21,5.78
3.00,4.02,3.99,4.20
4.23,3.81,4.07,4.50
4.43,3.91,3.86,5.79
4.40,3.95,4.15,5.67
3.93,4.01,3.92,4.60
4.42,3.99,4,4.07
3.99,3.96,3.82,4.45
3.43,3.78,3.81,4.69
3.02,3.74,4.06,4.57
2.96,3.88,3.89,3.70
4.35,3.97,3.83,5.78
4.48,3.79,3.86,5.74
4.25,3.99,4.06,4.84
4.35,4.05,3.86,4.59
3.53,3.69,3.94,5.47
4.29,3.7,3.96,4.09
3.08,3.81,3.67,4.78
3.86,3.87,3.74,4.91
4.38,3.75,4.01,3.81
4.19,4.03,3.85,4.06
3.86,3.89,4.11,3.94
4.20,3.83,4.1,3.92
3.15,3.61,4.06,5.02
4.33,3.63,4.23,4.79
4.27,3.87,3.94,3.57
3.48,3.52,4.05,5.70
4.37,3.98,3.87,4.68
4.25,3.8,4.32,3.67
3.85,4.31,4.25,4.69
2.99,4.17,3.96,4.59
3.47,3.8,4.01,4.67
3.44,3.81,4.16,5.64
4.24,3.98,3.93,4.76
3.41,4.08,3.86,4.88
3.04,3.58,4.09,4.77
4.37,3.56,3.97,3.75
3.37,3.73,3.98,5.48
3.54,3.92,3.83,5.63
4.36,3.9,3.7,3.92
4.25,3.99,3.99,3.86
3.98,3.65,4.09,4.94
3.72,3.52,3.92,5.51
3.39,3.96,4.17,5.00
4.37,3.7,3.85,4.02
4.13,3.53,3.8,4.85
3.47,3.85,3.95,5.44
4.31,3.95,3.94,4.11
4.28,3.81,4.07,3.64
3.85,3.76,3.84,4.37
4.23,3.8,4.16,5.72
3.66,3.77,4.25,4.60
4.44,3.63,3.95,4.27
3.11,3.72,4.14,4.85
3.68,3.91,3.8,5.26
4.36,3.88,4.12,5.44
3.11,3.85,4.11,4.99
4.26,3.68,4.09,4.59
4.25,3.8,3.95,3.64
4.32,3.52,3.63,5.29
4.25,3.86,3.86,4.85
3.28,4.04,3.86,4.93
4.25,3.61,3.81,5.61
3.80,3.74,3.97,5.13
4.30,3.88,3.89,3.89
3.22,4.02,3.83,5.44
4.39,3.76,3.8,5.26
3.74,3.72,3.85,3.55
4.21,3.53,4.12,5.63
4.16,3.84,3.86,5.44
4.08,4.13,3.88,4.05
3.84,3.87,3.89,4.88
4.07,3.82,4.01,5.10
2.96,3.88,4.02,5.09
3.35,3.83,3.63,4.15
4.38,3.71,4.11,5.37
4.01,3.95,4.17,3.62
3.48,3.86,3.8,4.38
4.21,3.83,3.81,4.15
4.13,3.68,3.89,5.07
3.94,4.02,3.84,4.36
3.16,3.93,3.99,5.43
4.24,3.75,3.66,5.67
3.60,3.98,3.79,5.06
4.38,3.75,4.19,3.67
4.48,3.71,3.82,5.34
3.18,3.71,4.14,5.20
3.45,3.56,4.01,3.66
4.17,3.9,3.68,4.64
3.61,3.55,4.05,5.25
4.31,3.64,3.94,4.33
3.91,3.52,3.89,4.12
4.31,3.82,3.99,5.24
3.23,3.81,4.03,5.40
4.31,3.78,4.06,5.30
4.48,3.67,4.13,5.60
3.94,3.65,4.02,4.51
3.88,3.9,3.75,5.05
3.09,3.75,3.89,4.10
4.49,3.88,4.4,4.66
3.60,3.7,4.06,4.55
4.47,3.86,4.31,4.77
4.24,4.02,4.17,4.70
4.49,3.92,3.99,3.72
2.94,3.77,4,4.93
3.34,3.87,3.95,4.90
4.38,3.79,3.7,3.78
4.25,3.83,3.96,4.79
4.21,3.78,4.14,4.19
4.28,3.8,3.87,5.56
3.84,3.86,4.02,4.28
4.49,3.68,4.08,4.95
3.59,3.68,3.82,5.12
3.03,3.62,3.89,4.05
3.80,3.59,3.8,3.57
3.44,3.65,3.83,5.30
4.33,3.85,3.76,5.37
4.22,3.69,3.82,4.95
3.13,3.91,4.17,5.15
4.39,3.83,3.82,5.58
4.35,3.53,3.98,4.86
4.45,3.93,3.88,5.27
4.49,3.95,4.13,5.46
4.33,3.68,4.15,5.52
3.74,3.89,4.09,4.74
4.21,3.7,4,3.97
4.38,3.84,3.92,4.81
4.09,3.64,3.78,5.70
3.26,3.56,4.25,3.80
4.47,3.77,3.84,3.60
4.25,3.81,4.06,3.64
4.04,3.77,4.12,4.87
4.46,3.65,3.87,3.64
3.60,3.77,4.11,5.36
4.41,3.87,4.07,4.62
3.48,3.82,4.22,4.09
3.16,3.86,3.89,5.13
4.31,3.73,3.76,3.87
4.20,4,3.88,4.02
4.35,3.65,3.99,5.53
3.23,3.9,3.96,4.34
3.64,4.01,3.9,3.92
4.14,3.9,3.67,5.69
4.39,3.8,4.03,4.58
4.49,3.75,4.25,4.11
4.22,3.98,4.03,5.42
3.84,3.61,4.05,4.17
3.94,3.68,4.04,5.29
4.39,3.77,4.02,4.11
4.26,4.01,4.1,5.44
3.79,3.89,4.02,4.27
3.72,3.68,3.91,4.15
4.39,3.78,3.84,4.35
3.06,3.74,3.92,4.45
3.21,3.72,4,5.21
4.22,3.98,3.91,4.71
4.23,3.62,4,4.57
3.62,4.07,4.02,5.13
3.32,3.95,4.08,3.60
3.43,3.99,4.15,4.90
3.97,3.76,3.97,3.92
3.95,3.81,3.76,5.35
3.62,3.61,3.9,3.67
3.31,3.75,3.96,5.26
4.28,3.9,3.68,5.58
4.24,4.02,4.16,5.56
4.33,3.66,3.98,5.53
4.47,3.77,4.01,4.44
4.40,3.81,4.16,4.40
4.05,3.62,3.86,3.65
4.40,3.92,4.04,4.49
3.95,3.72,3.94,4.73
4.31,3.8,3.93,5.59
4.41,3.76,3.84,4.75
4.26,3.71,4.21,3.60
3.62,3.83,3.9,4.53
3.00,3.8,4.06,4.15
4.33,3.77,3.67,4.96
4.20,3.72,4.13,4.30
3.42,3.88,4.11,4.20
3.98,4.08,3.97,5.29
4.32,3.85,3.92,5.18
4.21,3.98,4.02,4.33
3.81,3.62,4.3,4.92
4.12,3.85,3.69,5.28
3.65,3.66,4.07,5.75
2.94,3.61,3.82,4.72
4.21,3.72,3.95,3.72
3.33,4.01,3.92,5.54
3.10,3.97,3.89,4.49
4.46,3.86,3.95,3.65
4.20,3.6,3.79,3.52
4.22,3.8,4.11,4.57
4.02,3.87,3.69,5.66
4.28,3.85,4.04,3.77
4.42,3.55,3.91,3.59
3.07,3.69,3.78,5.70
3.49,3.82,3.99,3.58
3.53,3.91,3.72,4.15
4.12,3.52,3.96,5.06
3.36,3.8,3.74,3.60
3.49,3.85,4.03,4.13
3.19,3.96,3.82,5.50
4.44,3.93,3.89,4.88
4.21,3.92,4,4.44
3.71,3.71,3.84,4.88
2.94,3.54,3.95,4.61
3.89,3.77,3.73,4.03
4.29,3.98,4.05,5.59
3.83,4.04,4.22,4.89
4.24,3.93,4.37,3.65
3.48,3.89,3.97,4.67
4.19,3.89,4.07,4.33
4.07,3.74,3.69,5.36
4.40,3.81,4.18,5.60
3.11,4.08,4.07,4.63
3.85,3.69,3.88,4.70
3.34,4.07,4.14,4.33
4.46,3.78,3.92,4.41
4.15,4.03,3.89,3.66
3.96,3.62,4.03,3.64
3.46,3.92,3.8,3.80
4.23,3.72,4.11,4.19
4.33,3.62,3.8,4.91
3.13,3.86,3.8,4.83
4.39,3.98,3.82,4.21
4.48,3.7,4.07,5.17
3.48,3.6,3.86,4.32
3.29,3.81,3.75,4.61
3.28,3.82,3.87,4.19
4.41,3.91,3.95,4.88
4.37,3.97,3.78,4.83
4.34,3.82,3.78,4.21
4.39,4.11,4.27,4.40
4.46,3.86,3.83,5.72
3.91,3.78,3.91,4.54
4.01,3.59,3.9,5.68
4.36,3.79,3.89,4.69
4.22,3.78,4.05,4.86
4.03,3.97,4.1,3.51
4.22,3.9,3.91,3.52
2.92,3.65,3.77,3.79
3.00,3.85,4.15,3.94
4.23,3.93,3.94,5.60
4.40,4.06,4.22,4.36
2.94,3.96,3.63,4.14
3.24,3.94,3.99,5.54
3.72,3.84,4.24,3.61
3.23,3.89,3.9,3.57
4.44,4.02,3.92,5.57
4.42,3.63,4,4.37
2.98,3.78,3.87,4.83
4.31,3.71,3.91,4.10
4.43,3.89,3.91,4.71
3.18,4.01,3.86,4.52
3.46,3.74,4.14,4.06
4.28,3.52,4.03,4.98
3.21,3.77,3.99,4.84
4.42,3.97,4.08,3.81
4.45,3.91,3.92,5.47
2.95,3.89,3.84,4.86
4.32,3.79,3.87,3.96
4.39,3.64,3.96,5.42
4.49,3.91,3.8,4.91
3.26,3.7,3.88,3.57
3.81,4.16,3.88,4.69
4.39,3.91,4.27,4.31
4.01,3.74,3.63,4.84
4.43,3.74,3.93,4.67
4.25,3.81,4.21,3.70
3.86,3.79,3.97,4.46
3.68,4,4.07,3.70
3.55,3.86,3.97,4.97
3.05,3.72,3.86,3.79
4.40,4.11,3.63,4.87
4.21,3.84,3.99,5.20
3.69,3.94,3.84,4.13
4.31,3.74,3.84,4.15
2.98,3.88,3.88,4.75
3.67,3.87,4.22,4.75
3.98,3.54,4.32,3.67
4.23,4.13,3.99,4.32
3.30,4.02,3.89,3.87
4.18,3.77,3.78,3.85
3.88,3.66,4.03,3.68
4.41,3.88,4.22,4.72
4.36,3.84,3.92,5.54
3.20,3.88,3.63,4.73
4.18,3.86,4.06,4.29
4.09,3.9,4.1,4.23
4.49,4.05,3.72,5.32
4.44,3.91,3.98,4.52
4.36,3.67,4.02,5.32
3.46,4.03,3.95,3.74
3.43,4.07,3.84,4.60
4.49,4.3,4.11,4.69
4.26,3.66,3.9,5.32
3.76,3.86,3.73,4.79
4.40,3.52,3.65,5.24
4.48,3.91,4.15,5.54
4.02,3.75,4.05,3.85
4.24,4.12,3.97,4.78
3.55,3.71,3.89,4.67
3.69,3.57,3.88,4.28
4.43,3.76,3.79,5.40
3.28,3.53,3.89,4.88
4.39,3.94,3.64,4.18
3.25,3.52,3.85,3.90
4.47,3.83,3.91,5.18
4.27,3.52,4.05,5.69
4.26,3.78,3.95,4.73
3.83,4.07,4.08,4.93
3.63,3.88,4.16,4.22
2.99,3.7,4.11,3.98
4.22,3.82,4.03,4.41
3.68,3.83,3.96,5.62
3.38,3.9,3.81,5.36
4.48,3.62,4.07,4.85
4.21,3.92,4.21,3.52
3.64,3.52,4.01,5.72
4.21,3.73,4.24,3.98
3.69,3.76,3.73,5.02
2.96,3.92,3.78,3.60
4.31,3.83,4.08,4.73
4.09,3.62,4,3.66
4.44,3.68,4.15,5.76
4.44,3.86,3.95,4.55
4.21,3.82,3.83,3.90
3.77,3.74,3.92,5.43
3.41,3.76,3.73,5.11
3.00,3.93,3.79,4.43
4.29,3.75,4.1,4.77
4.30,3.82,4.09,4.93
4.35,4.15,4.01,4.68
3.68,3.61,3.7,3.95
4.49,3.55,3.9,3.76
4.45,3.95,3.77,5.16
4.39,3.73,4.13,5.61
3.27,3.78,3.87,4.44
3.27,3.71,3.79,3.77
3.70,3.79,3.96,4.76
4.22,4.07,3.86,4.47
4.36,3.95,4.18,3.80
3.99,3.96,3.85,5.33
3.94,3.62,3.75,4.61
4.17,3.66,3.63,5.53
3.47,3.52,3.95,3.71
4.43,3.71,3.87,5.55
4.28,3.97,3.74,4.61
4.25,3.91,4.13,4.00
4.17,3.8,4.06,5.43
3.50,3.82,3.95,3.58
3.62,3.72,4.16,5.46
4.16,3.86,4.06,5.14
4.20,3.94,3.83,3.59
3.85,3.59,3.8,5.61
4.46,3.87,4.08,5.73
4.50,3.97,4.02,5.29
3.38,3.77,3.98,5.61
3.38,3.93,3.83,4.57
4.47,4.25,4.05,5.12
3.61,3.81,3.84,5.75
4.26,3.89,3.94,3.74
4.36,3.72,4.17,4.52
4.14,3.86,3.86,4.52
4.26,3.9,3.72,4.44
3.27,3.86,3.8,3.61
4.43,3.68,4.11,4.33
4.44,3.86,3.99,4.12
3.73,4.05,3.94,3.50
4.30,3.9,3.88,3.68
4.24,3.97,4.03,4.30
4.41,3.79,3.83,4.55
3.20,3.94,4,4.66
4.45,3.87,3.85,4.23
3.43,3.69,3.82,5.57
3.34,3.88,3.86,5.33
3.52,3.68,3.9,5.60
3.80,3.73,3.95,3.54
3.38,3.86,3.99,3.52
2.93,3.87,3.63,5.42
4.27,3.65,3.83,5.50
4.46,3.99,3.9,5.01
3.22,3.91,4.18,4.06
4.39,3.72,3.79,3.98
4.25,3.6,3.98,5.27
4.48,3.81,4.18,5.13
2.92,3.76,3.76,5.32
4.39,3.85,4.02,3.52
4.03,3.77,3.84,4.01
3.93,3.53,3.88,5.60
4.47,3.77,3.84,3.83
3.48,3.78,3.85,3.53
3.13,3.92,4.36,4.15
4.12,3.72,4.08,3.56
4.33,4.08,4.12,4.21
3.84,3.54,4.03,5.38
4.45,4.02,3.72,4.24
3.25,3.79,4.02,5.48
3.24,3.96,4.12,4.42
3.11,3.84,3.83,5.38
4.37,4,4.1,4.29
4.40,3.77,4.06,5.44
2.93,3.66,4.23,5.13
3.08,4.04,3.89,3.64
3.64,3.81,3.79,5.42
3.64,3.86,3.9,5.28
4.13,4.01,4.17,3.61
4.47,3.67,3.68,5.69
4.26,3.92,3.65,3.71
4.20,3.74,3.97,4.50
3.55,3.81,3.89,3.55
4.24,3.84,3.96,5.46
3.81,3.6,4.1,4.53
4.31,3.71,3.87,5.69
3.33,4.03,3.68,5.22
4.29,3.96,4.26,3.61
4.46,3.82,3.81,3.73
4.41,3.86,3.8,5.54
3.09,3.78,4.12,4.74
3.97,4.03,3.9,3.66
4.42,3.8,3.95,5.71
4.41,3.86,4.03,5.42
4.28,4,4.12,4.32
3.76,3.71,3.91,5.16
4.22,4.06,4.18,5.43
4.41,3.6,3.64,4.20
4.47,4.07,4.07,3.71
4.45,3.77,3.83,5.50
3.63,3.79,4.16,3.83
4.46,3.54,3.98,5.69
4.32,3.76,3.86,4.75
4.39,3.67,4.06,5.73
3.18,3.74,4.09,5.22
3.70,3.81,4.05,5.32
3.65,3.97,3.8,5.75
4.47,3.86,3.88,4.95
3.93,3.87,3.96,5.17
4.22,3.66,3.95,4.75
4.32,3.7,4.07,5.69
3.16,4.1,3.65,5.59
4.08,3.72,4.01,3.65
4.49,4.08,3.91,4.08
4.22,3.79,3.83,5.39
4.12,3.83,3.84,4.20
4.21,3.99,3.92,4.15
3.67,4.02,3.63,3.55
4.32,3.81,3.85,4.98
3.72,3.77,3.82,5.29
3.31,3.82,4.04,4.50
4.31,3.88,3.84,4.03
4.47,3.96,3.92,3.51
3.03,3.83,4.19,3.72
3.58,3.92,4.11,4.71
3.91,4.07,4.09,4.95
4.43,3.89,3.88,5.62
4.39,3.88,4.04,4.52
3.37,3.6,3.92,4.98
4.26,3.52,3.93,4.78
4.33,3.89,4.02,4.90
4.41,3.81,3.87,4.00
4.31,3.75,4.18,4.70
4.21,3.86,3.93,3.91
4.31,3.82,4.05,4.78
4.26,4,4.17,3.84
4.44,3.84,4.11,5.38
3.40,3.72,3.74,4.81
3.00,3.98,4.02,4.96
4.39,3.8,4.08,4.45
3.06,3.91,4.09,3.60
4.28,3.76,3.79,4.84
4.39,3.73,3.86,4.18
4.33,3.84,4.11,3.96
3.63,3.83,3.84,5.41
4.36,3.9,3.91,5.60
4.49,3.79,4.19,4.42
4.43,3.55,3.95,3.84
3.58,3.76,3.85,4.24
4.36,3.95,3.82,4.71
3.05,3.78,4.01,5.01
4.29,3.79,3.76,4.90
4.22,3.98,3.92,3.65
4.45,3.72,4.01,4.14
4.34,3.6,4.15,4.33
3.69,3.8,4.06,5.68
2.98,3.76,3.85,4.27
3.17,3.68,4.13,3.59
4.28,3.8,3.91,5.71
3.52,3.9,3.77,5.32
4.35,3.83,3.93,4.83
4.40,3.87,4.17,5.26
3.01,4.1,3.98,3.59
4.31,3.78,3.96,5.48
3.88,3.87,4.2,4.68
4.03,3.75,3.74,5.17
4.03,3.7,3.76,4.29
4.39,3.74,3.71,4.78
3.75,3.76,4.01,4.42
3.29,3.88,3.98,3.94
3.99,4.18,4.19,4.69
3.42,3.72,3.99,5.75
3.96,3.77,3.9,4.56
4.44,3.82,3.96,4.34
4.42,3.89,3.97,4.61
4.43,3.87,3.71,5.06
4.26,4.02,4.36,4.56
4.46,3.52,4.03,5.45
3.28,3.52,3.99,5.17
3.01,3.75,4.05,4.94
2.95,3.99,4.06,5.12
2.92,3.59,3.93,5.35
4.48,3.52,3.86,4.66
4.27,3.91,4.05,5.24
4.40,3.86,4.01,4.92
4.34,3.66,3.83,3.87
3.96,3.68,4.17,5.28
3.37,3.68,4,5.15
3.48,3.84,4.07,4.19
4.24,3.73,4.16,4.68
4.35,3.9,3.96,3.55
2.97,3.52,4,5.55
4.46,3.7,4.08,5.49
4.50,3.66,3.85,5.35
4.47,3.79,3.96,4.52
3.04,3.75,3.97,4.98
3.29,3.95,3.81,3.86
2.98,3.55,4.3,5.58
3.87,3.84,3.74,3.85
4.03,3.91,3.76,4.01
3.35,4.11,4.15,5.68
3.48,3.76,4.06,4.25
3.52,3.88,3.8,4.02
4.29,3.56,4.05,3.83
4.48,3.52,4.18,4.64
4.07,3.95,3.95,4.49
4.50,3.83,4.35,4.79
3.71,4.01,3.7,4.91
4.28,3.62,4.06,4.59
4.36,3.91,4.13,3.72
4.22,4.11,4.09,3.80
4.20,3.89,3.93,5.53
4.38,3.87,3.91,5.39
4.37,3.83,4.02,4.71
3.88,3.59,4.08,4.01
3.35,4.03,4.05,4.64
3.80,3.74,4.11,5.55
4.46,3.9,3.8,4.82
4.03,3.59,3.92,3.99
4.46,3.65,3.82,4.84
4.32,4.04,3.9,3.57
3.92,3.78,4.11,5.48
4.38,4.05,3.97,4.00
4.41,3.82,4.35,3.74
4.44,3.55,3.99,3.50
4.49,3.96,3.97,4.29
3.66,3.74,3.97,4.55
4.42,3.93,3.86,4.57
3.47,3.83,3.95,5.77
4.10,3.6,4.13,4.62
3.83,3.85,3.97,5.51
4.25,4.16,3.84,5.44
3.30,3.9,3.82,4.73
4.42,3.82,3.89,4.52
4.23,3.99,3.97,4.59
4.49,3.86,4.14,5.78
4.18,3.86,3.75,4.28
4.42,3.66,3.91,3.62
4.06,3.86,3.98,5.76
4.35,3.98,3.68,4.25
3.41,3.7,3.83,5.04
4.25,4.04,3.85,5.42
4.21,3.81,3.84,4.76
3.41,3.7,3.98,3.57
3.39,3.98,3.93,3.53
4.38,3.79,3.87,5.50
4.20,3.94,4.02,5.02
4.35,3.78,4.21,3.93
3.95,3.82,4.2,5.09
4.43,3.9,3.67,3.82
2.96,3.87,4.04,4.96
3.97,3.53,3.93,4.87
4.30,3.66,3.98,4.02
3.80,3.97,3.9,5.68
3.51,3.81,3.97,3.90
3.92,3.75,3.98,4.85
4.37,3.62,3.87,5.39
4.50,3.67,3.82,3.55
4.28,3.53,3.89,4.67
4.48,3.81,3.99,4.79
4.45,3.74,4.05,3.96
4.29,3.68,4.08,4.13
4.09,3.82,3.88,5.48
2.93,3.88,4,4.34
4.21,4.14,4.1,3.81
4.24,3.6,4.13,3.73
3.23,4,3.95,3.73
4.50,3.97,3.92,5.71
3.23,3.71,3.98,4.32
4.40,3.86,3.78,4.78
3.58,3.76,3.93,4.99
4.46,3.86,4.07,3.97
4.46,4.05,4.05,3.75
3.84,3.92,3.92,4.72
4.38,3.9,3.99,3.69
3.20,3.76,3.83,4.56
4.33,3.61,4.06,5.66
4.48,3.8,3.94,3.73
4.46,4.01,3.91,5.20
3.02,3.6,3.9,4.63
3.17,3.67,3.95,5.61
3.95,3.85,3.89,5.60
4.32,3.68,4.05,3.63
4.33,3.71,3.9,4.13
4.45,3.76,4.2,5.62
3.10,3.62,4.18,5.05
4.27,3.68,3.82,4.24
4.25,3.93,3.97,4.94
4.45,3.63,3.86,5.63
4.29,3.59,3.91,4.77
4.27,3.73,4.26,3.85
4.21,3.94,3.91,5.60
4.31,3.8,4.01,4.58
2.92,3.76,4.04,5.31
3.42,3.83,3.81,3.54
3.63,3.57,3.83,3.52
3.44,3.9,3.78,5.69
3.33,3.89,3.82,5.44
4.04,3.77,3.63,5.34
4.29,3.98,4.04,3.52
4.34,3.66,4.26,4.36
4.28,4,3.98,4.81
4.30,3.85,3.74,4.96
4.38,3.78,3.86,4.59
3.71,3.83,3.89,5.03
4.30,3.81,3.8,4.20
3.33,4.01,4.09,5.20
3.79,3.67,4.08,4.51
4.40,3.71,3.78,4.39
3.10,3.98,4.06,5.34
3.81,3.74,4.19,4.54
4.27,3.96,4.24,3.82
4.24,4.08,4.39,3.65
4.40,3.77,3.82,4.66
3.71,3.93,4.38,3.94
4.28,3.66,3.9,5.07
4.21,3.94,3.87,3.74
4.38,3.86,4.01,5.79
4.42,3.9,3.87,4.67
4.29,3.73,4.02,5.21
3.58,3.58,3.76,4.27
3.83,3.9,3.92,3.77
4.29,3.52,4.15,4.74
4.47,3.78,3.95,5.32
3.39,3.97,3.98,5.38
4.40,3.86,4.03,4.81
4.46,4.12,4.13,5.57
4.23,3.98,3.71,5.41
3.49,3.73,4.04,3.81
4.42,3.83,3.92,4.03
3.49,3.82,3.98,5.49
4.34,3.59,4.12,4.33
4.33,3.69,3.78,4.55
4.49,3.74,3.8,5.54
4.36,3.52,3.67,4.97
4.07,3.84,3.87,5.75
4.50,3.79,4.16,4.75
4.28,3.58,3.94,4.66
4.18,3.89,3.76,5.63
3.89,3.94,3.88,5.40
3.33,3.86,3.73,5.33
3.29,3.78,3.79,5.00
4.12,3.92,4.01,3.92
3.88,3.93,3.78,4.48
3.73,3.87,4.12,4.18
3.46,3.7,3.95,4.05
4.45,3.87,3.97,3.70
3.55,4.01,3.91,5.46
4.29,3.74,4.07,4.27
4.48,4.14,4.07,5.58
4.07,3.75,4.01,4.78
4.42,3.83,4.04,3.73
4.29,3.73,3.92,4.24
4.24,3.86,4.04,5.20
4.38,3.57,3.91,3.88
4.48,3.75,3.96,5.50
4.37,3.66,3.91,3.84
3.12,3.85,3.89,3.76
4.32,3.98,3.85,5.34
4.11,3.93,4.03,3.70
4.21,3.52,4.15,4.90
4.34,4.13,4.13,3.74
4.27,3.87,3.77,4.77
4.27,3.71,4.15,5.53
2.93,3.85,3.91,4.56
4.36,3.85,4.05,3.68
4.28,3.73,3.82,5.68
4.43,3.86,3.98,4.66
4.47,3.74,4,4.08
4.29,3.77,3.73,3.54
4.39,3.73,4.05,4.99
4.40,3.61,4.16,3.64
4.23,3.85,3.93,4.64
3.55,3.92,4.16,3.77
4.41,3.91,3.93,4.66
3.43,3.95,4.08,4.18
4.28,3.88,3.63,5.69
3.53,3.75,4.32,3.60
3.56,3.95,4.18,4.83
3.66,3.62,3.91,5.19
3.52,3.69,3.66,5.33
4.04,3.68,4,4.89
4.48,3.99,3.74,5.38
4.40,3.97,4.02,5.61
4.13,3.9,4.02,5.76
3.79,3.99,3.81,4.29
4.42,3.7,4.12,5.73
4.36,3.88,4.08,3.68
3.21,3.81,4.1,4.75
3.85,3.96,3.96,5.06
4.36,3.81,3.74,3.69
4.36,3.77,4.1,3.80
4.28,3.91,3.92,3.78
3.25,3.96,3.75,4.26
4.20,3.73,4.16,4.21
4.21,3.82,4.27,5.73
4.34,3.67,3.95,4.17
4.39,3.52,4.28,3.84
3.85,3.86,3.97,5.75
4.49,3.92,3.9,3.91
4.29,3.87,3.86,4.87
3.36,3.54,4.2,3.52
4.32,3.78,3.84,4.73
4.01,3.52,4.07,5.62
3.71,4.03,3.87,4.85
4.21,3.67,3.89,4.19
4.45,4.02,4.11,4.42
4.30,3.97,3.9,5.71
4.34,3.69,3.9,5.17
4.26,3.66,4.13,3.85
4.20,3.88,4.2,5.29
4.40,3.7,4.05,4.45
4.27,3.84,3.86,5.36
3.51,3.76,3.88,5.48
3.59,3.56,3.97,5.24
4.42,3.52,4,4.33
3.29,3.86,3.81,5.02
3.73,3.74,4.06,5.19
4.45,3.75,3.97,3.67
4.17,3.93,3.7,5.75
4.38,4,3.82,4.39
3.55,3.79,3.88,3.53
4.40,3.78,3.95,4.65
4.09,3.9,4.24,4.96
3.36,3.62,3.99,5.28
4.42,3.86,3.83,5.62
4.45,3.91,3.99,5.74
4.39,3.93,3.9,3.99
3.99,3.54,4,5.10
4.37,3.71,4.04,3.71
4.39,3.7,4.14,4.57
4.27,3.84,3.95,5.39
4.32,3.9,4.2,5.69
4.05,4.05,4.09,5.46
4.34,3.75,3.85,5.61
4.33,3.75,4.29,5.43
4.24,4,4.01,4.10
4.43,3.87,3.83,4.14
4.43,4.02,4.2,4.65
4.23,3.87,4.27,3.71
4.48,3.65,3.95,4.38
3.18,3.63,3.88,4.92
3.34,3.6,3.93,4.36
4.31,3.93,4.06,4.06
3.80,4.01,4.15,3.60
4.41,4.11,4.04,4.53
3.30,3.95,3.97,5.08
4.47,4,4.18,5.38
3.81,3.74,3.91,4.23
4.45,3.65,4.11,5.36
4.47,3.96,3.91,5.40
4.21,3.89,4.02,4.69
2.97,3.84,3.94,4.37
4.49,3.89,3.95,5.51
4.32,3.88,3.9,5.45
4.35,4.02,4.16,4.42
3.51,4.02,3.85,5.32
3.10,3.91,3.85,5.42
3.55,3.96,4.27,3.60
3.19,3.91,4.1,5.77
4.20,3.76,3.63,3.56
4.35,3.94,3.87,4.91
3.86,3.62,3.68,5.66
3.68,3.99,3.81,4.31
4.40,3.65,3.63,5.66
3.54,3.87,3.94,4.23
3.76,3.7,3.78,5.75
4.19,3.91,3.97,4.57
4.40,3.82,3.71,4.72
3.74,3.59,3.97,3.52
4.26,3.89,3.89,5.77
3.30,3.74,4.18,4.44
3.06,3.96,4.17,4.28
4.47,3.83,4.07,4.55
4.14,3.89,3.91,5.63
4.01,3.68,4.25,4.98
4.22,3.74,3.72,5.56
4.20,3.76,3.75,4.34
4.22,3.96,3.94,3.96
4.48,4.08,4.29,3.79
4.40,3.71,3.93,5.65
4.26,3.99,3.93,4.24
4.45,3.52,3.74,5.18
4.41,3.65,4.1,3.85
4.34,3.68,4.1,4.47
3.40,3.63,4.07,4.67
3.75,3.59,3.86,5.76
3.31,3.89,3.85,4.63
4.44,3.8,3.76,4.41
4.34,3.89,3.97,4.09
4.31,3.93,3.79,3.51
4.30,3.87,3.78,5.14
3.12,3.93,3.89,4.78
3.57,3.82,3.88,4.94
3.57,3.65,3.88,4.88
4.34,3.99,4.03,5.09
4.38,3.74,3.97,5.55
4.22,3.69,3.91,4.87
3.15,3.8,3.98,4.75
4.36,3.69,3.81,4.53
4.47,3.77,3.97,3.59
4.33,3.88,3.98,3.57
4.23,3.88,3.73,5.13
4.27,3.69,4.11,3.52
4.04,3.76,3.82,5.50
4.30,3.99,3.97,4.62
3.88,3.9,4.13,5.10
4.21,4.14,4.09,3.90
3.93,4.01,3.96,5.74
4.03,4,3.9,5.18
3.28,3.62,4.1,5.54
3.87,3.94,4.06,3.90
4.23,3.82,3.86,5.79
4.27,3.75,3.84,4.88
4.20,3.85,3.65,4.82
2.92,3.97,3.98,4.90
3.91,3.9,3.94,5.34
4.44,3.7,4.13,4.67
3.31,3.94,4.01,4.75
4.46,3.73,4.16,4.22
4.29,3.86,3.85,4.97
4.39,3.78,4.13,3.52
4.42,3.8,3.88,3.64
4.12,3.94,4.07,3.59
3.71,3.67,3.74,5.25
2.96,4.12,3.99,4.12
3.72,3.56,3.66,4.44
4.17,3.74,3.92,4.01
4.44,3.88,4.02,4.48
4.21,3.92,3.88,4.61
4.39,3.81,3.8,3.69
4.37,3.82,4.08,4.01
4.36,3.89,3.94,4.12
4.22,3.79,3.88,4.19
4.43,4.04,3.96,4.54
4.03,3.95,4.35,4.41
4.40,3.96,4.13,4.46
3.73,3.68,4.13,4.53
3.85,3.82,4.02,5.48
4.49,3.78,3.98,5.57
4.28,3.68,3.63,3.56
3.21,3.88,3.85,5.57
3.57,3.75,3.88,4.30
3.48,3.93,3.67,3.67
4.37,3.67,3.78,5.21
4.11,4.09,3.66,4.30
3.03,3.69,3.95,4.88
4.20,3.86,4.08,4.60
2.94,3.95,4.12,4.79
4.21,3.74,4.02,5.04
3.31,3.96,3.81,4.35
4.28,3.64,3.67,3.64
3.82,4.05,3.69,4.86
4.22,3.83,3.77,4.23
4.23,3.74,3.82,5.67
2.99,3.78,3.93,4.97
4.36,3.95,3.8,4.65
3.86,3.74,4.01,3.93
4.34,3.72,3.92,4.35
3.73,3.8,3.96,3.79
4.34,3.65,4.13,5.31
2.96,4.1,3.78,4.04
4.26,3.74,4.02,4.49
3.81,3.95,3.95,5.64
3.67,3.86,3.91,5.56
4.01,3.68,4.09,5.69
4.21,3.83,4.09,3.74
4.20,3.95,3.81,4.90
3.19,3.8,3.93,5.59
3.96,4.01,4,4.25
3.90,3.98,3.92,4.25
4.44,3.97,4.04,3.71
4.50,3.76,4,3.63
3.33,3.67,4.23,3.77
4.12,3.74,3.73,4.52
4.37,3.86,3.94,4.75
4.28,3.91,3.82,3.53
4.50,3.52,4.05,4.41
4.49,3.83,3.71,5.00
4.21,3.85,4.01,5.40
4.39,3.79,3.86,5.35
4.22,4.02,3.85,4.25
4.26,3.89,3.74,4.03
3.40,4.02,3.89,4.87
4.40,3.8,4.12,5.28
4.45,3.97,3.95,5.69
4.28,4.07,4.05,4.88
4.31,4.03,4.21,5.24
4.16,3.66,4,4.00
3.83,3.79,3.87,5.27
3.08,3.78,4.03,4.83
4.21,3.9,3.87,4.37
4.29,3.93,3.88,4.14
4.11,3.7,3.73,5.38
2.94,3.84,4.1,5.33
4.41,3.53,3.9,5.66
4.10,4.04,3.98,4.06
3.15,3.75,3.8,3.55
4.31,3.84,4.02,3.68
4.23,3.78,3.84,4.21
4.29,4,3.93,3.51
3.75,3.52,4.09,5.13
4.46,3.83,4.07,4.51
2.95,3.81,3.95,5.49
4.03,3.76,3.69,4.77
3.37,4.09,4.4,5.32
4.44,3.7,4.22,3.72
3.98,3.94,4.06,4.98
4.41,3.88,3.84,3.78
3.89,4.02,3.94,3.77
4.26,3.73,3.87,5.73
4.29,3.72,4.15,5.46
3.75,3.99,4,4.65
4.41,3.89,3.84,5.68
4.44,3.6,3.89,4.50
4.34,3.75,4.12,4.13
4.39,3.89,4.2,4.52
4.22,3.95,4.19,5.77
3.24,3.73,4.07,4.71
4.44,3.52,3.92,5.75
4.23,3.91,3.63,5.49
4.47,3.65,4,5.14
3.77,3.53,3.96,3.98
3.38,3.52,3.98,3.81
4.49,3.95,3.96,4.84
4.08,3.85,3.76,5.10
4.32,3.79,4.04,4.19
3.20,4.04,4.05,3.71
3.25,3.92,4.06,5.75
4.36,4.07,4.1,5.22
4.24,3.62,4.05,3.93
4.40,3.82,3.89,5.06
4.25,3.59,3.95,5.52
4.44,3.79,3.97,4.85
4.09,3.79,3.97,5.26
3.20,3.92,4.11,5.04
4.32,3.84,4.05,5.22
4.23,3.92,4.27,5.09
3.32,3.93,4.29,3.58
3.15,4.15,3.97,5.50
4.22,3.78,3.63,4.21
4.25,3.69,4.14,4.49
3.46,3.87,3.88,4.65
4.49,3.71,3.84,3.52
4.42,4.05,3.9,3.87
4.21,3.79,3.89,3.97
4.50,3.74,4.05,4.22
3.09,3.76,3.72,4.63
4.33,3.94,3.79,5.31
3.33,3.8,4.01,4.36
4.25,3.73,4.05,5.25
4.39,4.08,4.05,4.66
4.46,3.7,3.84,4.10
4.42,3.83,3.81,4.87
4.49,3.93,3.88,4.07
4.34,3.58,3.99,4.86
4.38,3.9,4.18,4.72
4.32,3.67,3.65,3.74
4.39,3.95,3.92,4.11
4.25,3.68,3.76,5.41
4.39,3.93,3.71,4.37
4.34,3.99,4.1,4.54
4.41,3.96,4.04,5.33
4.33,3.87,4.02,4.83
3.41,3.79,4.09,4.25
4.49,3.74,3.88,3.94
3.36,4.05,3.89,5.21
3.99,3.72,4.28,4.95
4.27,3.67,3.92,4.66
4.32,3.93,4.07,3.57
2.94,3.71,3.96,5.30
4.29,3.69,3.68,4.91
3.08,3.61,3.65,4.36
4.20,3.76,3.87,4.89
4.06,3.82,4.11,5.55
4.30,3.86,4.07,3.79
4.31,3.97,4.09,5.53
4.37,3.91,3.81,4.34
2.93,3.8,4.2,5.33
3.98,3.8,3.81,3.73
3.48,3.9,3.99,5.39
4.22,4.02,3.95,5.50
2.92,3.85,3.93,4.09
4.02,3.76,4.16,5.67
3.27,3.68,3.85,4.41
3.56,3.61,3.75,5.13
3.66,3.93,3.96,3.95
4.06,3.91,3.9,3.59
4.39,3.91,4.46,5.09
3.44,3.81,4.06,4.40
4.20,4.04,3.89,4.35
4.22,3.76,3.8,5.50
4.34,3.97,3.67,4.89
2.98,3.82,3.8,5.18
2.97,3.74,3.97,5.37
4.44,3.92,4.17,4.97
4.33,3.89,4.12,4.79
4.37,3.88,3.99,5.42
3.62,3.84,3.91,5.65
3.35,3.82,4,5.07
3.15,4.19,3.88,5.60
4.38,4.01,4.21,5.54
3.32,3.94,3.93,5.70
3.05,3.85,3.94,4.73
4.31,3.98,3.63,5.49
4.13,3.91,3.93,3.93
3.43,3.83,4.08,5.24
4.32,3.78,3.8,5.28
3.08,3.82,3.84,5.37
4.50,3.52,4.07,5.16
4.32,3.86,3.73,4.81
4.34,3.76,4.11,5.61
3.06,4.07,3.88,5.67
4.34,3.83,3.9,5.20
4.46,3.65,3.79,4.42
3.07,3.82,4.01,4.74
4.22,3.67,4.33,3.66
4.41,3.9,4.07,4.81
4.45,3.87,3.83,3.72
4.34,3.97,4.13,4.27
4.47,3.71,3.91,3.50
3.48,3.83,4.16,4.64
4.29,3.62,4.08,4.12
4.41,3.93,3.63,3.84
4.34,3.91,3.81,4.25
4.49,3.9,4.1,3.94
3.36,3.83,3.98,3.65
4.41,3.89,3.8,3.81
4.27,4.07,3.86,3.64
3.85,3.79,3.67,5.22
3.81,3.85,3.94,4.50
3.49,3.67,4.29,5.06
2.96,3.7,4.08,3.86
4.42,3.84,4.28,3.82
3.34,3.99,4.09,4.85
4.26,3.79,4.11,5.35
4.23,3.79,4.25,3.51
3.33,3.77,4.01,4.68
4.25,3.75,3.93,3.92
4.48,3.87,4.11,4.39
4.34,3.6,4.17,4.97
3.31,4.02,3.88,4.93
4.45,3.73,3.85,5.46
3.61,3.94,3.98,3.94
4.44,3.64,4.08,5.27
4.12,3.93,4.08,4.54
4.02,3.93,3.74,3.76
4.27,3.89,4.24,4.99
4.39,3.68,3.86,3.51
4.33,3.87,3.92,3.90
3.18,3.65,3.82,4.73
4.49,3.79,4.36,3.85
3.41,3.98,3.99,5.15
3.36,3.95,3.83,3.93
4.39,3.83,4.09,5.15
3.78,3.68,4.07,4.92
4.02,3.93,3.93,3.68
4.37,3.83,4.08,5.33
4.43,3.52,3.83,3.82
4.33,3.95,3.88,4.53
4.46,3.82,3.65,3.79
4.50,4.01,3.76,3.62
4.48,3.66,4.23,5.27
3.87,3.52,4.2,5.31
3.80,3.87,3.97,3.58
4.23,3.87,4.21,4.14
4.22,3.57,3.93,4.28
4.25,3.68,3.92,4.08
4.23,4.24,3.96,4.10
2.97,3.78,3.94,4.95
3.60,3.94,3.92,3.85
4.02,3.73,4.13,4.29
4.47,3.52,3.98,4.82
4.31,3.8,4.06,5.68
4.29,3.79,4.11,4.35
4.41,3.77,4.01,4.35
3.47,3.81,3.81,4.95
4.49,3.87,3.75,4.99
3.23,3.81,3.98,3.65
4.21,3.64,3.93,4.10
3.21,3.9,3.97,4.23
3.21,3.54,3.95,4.17
4.46,3.52,4.34,4.18
4.29,3.94,3.76,4.50
4.37,3.9,3.66,4.88
4.34,3.82,4.01,4.90
4.13,3.62,3.9,5.56
4.27,3.72,4,4.07
4.21,3.79,4.04,5.16
2.94,3.59,4.15,4.96
4.27,3.72,3.73,4.90
3.16,3.93,3.87,5.54
3.54,4.04,4.02,5.30
4.32,3.77,4.07,4.53
2.93,3.94,4.29,4.71
3.77,3.54,4.1,5.72
4.39,3.93,3.95,4.84
3.99,3.71,3.82,5.08
4.29,3.87,3.87,4.74
4.39,3.79,3.87,3.99
3.49,4.03,4.05,5.15
4.31,3.7,3.99,3.54
3.02,3.92,3.76,4.60
3.10,3.79,3.89,3.72
4.40,3.8,4.09,5.77
2.92,3.8,4.01,3.64
4.27,3.7,4.04,5.17
4.28,3.83,4.01,4.66
4.37,3.82,4.2,3.51
4.36,3.86,3.99,5.59
4.02,3.84,3.9,5.20
3.22,3.95,3.82,4.66
4.48,3.97,3.99,5.70
3.12,3.67,3.63,5.75
4.30,3.96,3.93,4.93
2.91,3.65,3.93,4.16
4.46,3.92,3.75,5.14
4.21,3.92,3.82,5.50
3.83,3.54,4.08,4.55
3.87,3.84,3.99,5.19
4.29,3.76,3.97,5.34
4.38,3.71,4,4.70
4.36,4.03,3.97,4.54
4.36,3.73,4.14,4.71
4.40,3.71,3.97,4.41
4.06,3.84,3.74,4.66
4.25,3.93,4.2,5.74
4.31,3.81,4.01,4.99
4.39,4,3.87,4.16
4.21,3.91,3.77,4.80
3.38,3.52,4.02,4.36
4.37,3.75,3.94,3.89
4.49,3.74,4.19,5.22
4.49,3.9,3.9,5.71
3.93,3.52,3.83,4.28
3.08,4.21,4.09,4.12
4.45,3.91,4.09,5.03
4.38,3.85,3.98,4.73
4.27,4.01,4.06,3.96
4.32,4.18,3.95,5.57
4.42,3.96,3.99,5.11
4.47,3.97,4.13,4.33
3.13,3.85,4.05,4.04
3.51,3.81,3.93,3.85
3.44,3.76,4.16,4.39
4.23,3.7,3.63,3.99
3.26,3.73,4.26,5.14
3.36,3.63,3.7,4.05
4.20,3.82,3.86,5.32
3.97,3.58,3.95,5.04
3.14,3.86,3.93,3.74
3.54,3.82,4.11,4.55
4.39,3.85,3.8,4.52
3.23,3.75,4,4.09
3.13,4.29,3.87,5.44
4.41,4.03,4,3.64
3.24,3.64,3.95,5.55
4.01,3.86,3.97,4.49
3.20,3.74,3.87,5.20
4.17,3.68,3.88,5.14
4.33,3.63,4,5.22
4.31,3.89,4.1,5.44
3.24,3.73,3.87,4.44
3.42,3.97,3.83,4.00
4.41,3.98,4.05,3.86
4.37,4.03,3.95,4.33
4.10,3.7,4.08,5.76
4.32,3.9,3.82,5.76
4.50,3.92,3.69,3.63
4.36,3.76,3.88,3.89
4.28,3.71,3.84,4.52
4.27,4.07,3.94,5.47
4.48,3.86,3.86,3.95
4.39,3.92,4.07,3.53
4.22,3.7,3.91,3.68
3.87,3.65,3.98,3.55
4.41,3.74,3.98,3.58
4.49,3.81,3.99,4.79
3.35,3.67,3.95,5.58
3.32,3.83,4.03,4.40
4.34,3.58,3.84,3.63
4.27,3.66,4.17,5.43
3.20,3.93,3.92,3.80
4.47,3.92,3.76,4.42
4.00,3.77,3.98,4.10
4.45,3.68,3.83,4.14
4.45,3.67,4.06,4.62
4.25,3.77,4.29,3.71
4.40,3.92,3.84,4.74
4.33,3.97,4.01,4.35
3.47,3.75,3.69,4.24
3.75,3.66,4.02,4.99
3.06,3.87,3.82,4.85
3.59,3.7,3.86,5.38
4.41,3.75,3.79,4.44
4.36,4.03,4.07,3.89
4.37,3.95,4.11,5.44
4.29,3.85,3.96,4.18
2.93,3.64,3.83,3.67
4.21,3.86,4.19,4.06
4.35,3.99,3.84,4.93
4.27,3.77,3.63,5.47
3.67,4.03,4.02,5.16
4.38,4.02,3.79,3.75
3.18,4.08,4.1,5.15
4.33,3.87,3.9,4.43
4.39,3.92,4.05,3.88
2.99,4.04,4.17,4.49
3.66,3.9,3.77,3.95
4.34,3.75,3.87,3.94
4.26,3.76,3.94,3.52
4.48,3.86,4.19,3.83
4.21,3.63,3.86,4.31
4.49,3.81,3.87,5.72
4.30,3.99,4.03,3.95
3.00,3.52,3.87,5.75
4.40,4.06,3.98,5.19
4.06,4,3.72,4.89
4.49,3.76,4.29,4.78
4.28,3.91,3.75,3.77
4.33,3.83,3.91,4.08
3.10,4.01,3.95,3.65
3.34,3.98,4.24,5.74
4.35,3.62,3.76,4.39
3.95,3.92,4.25,5.13
4.36,3.8,4.07,3.58
4.35,3.84,4.02,3.61
3.10,3.72,3.81,3.90
4.17,4.09,4.04,3.73
3.07,3.98,3.85,4.77
3.24,3.72,4.15,5.56
3.65,3.63,3.81,3.86
4.49,3.77,3.94,4.57
4.43,3.89,3.87,4.93
4.48,3.86,3.81,5.40
3.85,4.02,4.07,4.47
4.36,3.95,4.04,4.35
4.35,3.97,4.14,5.22
3.33,3.88,3.69,5.58
4.31,3.62,4.12,4.41
3.59,3.8,4.33,4.57
3.21,3.99,3.89,5.43
4.43,3.82,4.24,4.53
3.38,3.9,3.92,5.04
3.86,3.78,3.75,4.35
4.46,3.67,3.91,4.36
3.49,3.81,4.11,5.17
4.39,3.87,3.83,3.55
4.02,3.73,3.87,5.08
3.08,3.79,4.05,5.32
3.34,3.69,3.96,4.98
4.34,4,4.04,5.24
4.41,3.78,3.99,4.79
4.47,4.05,4.03,4.58
3.97,4.06,3.89,3.52
3.22,3.82,3.99,4.70
4.47,3.68,3.82,3.85
3.98,3.52,4.15,4.75
4.47,3.61,3.86,4.46
3.30,3.62,4.13,4.90
3.75,4.04,3.92,5.15
3.98,3.85,3.99,5.08
4.49,3.89,3.88,3.60
4.43,3.52,3.8,4.42
4.38,3.65,3.69,3.65
3.96,3.96,3.8,5.06
4.34,3.87,3.91,3.97
4.27,3.81,3.99,5.03
4.35,3.91,4.11,5.70
3.24,4.07,3.89,4.15
4.26,3.8,3.82,5.28
4.40,3.84,3.74,3.82
3.32,3.86,4.03,3.89
4.20,4.19,4.16,4.56
3.74,3.52,4.15,3.95
3.83,3.93,4.06,5.03
4.46,3.81,4.05,4.74
4.32,3.91,4.21,4.71
3.21,3.73,4.01,3.97
4.33,3.82,4.05,4.35
3.68,3.93,3.91,4.86
2.96,4.3,3.75,4.04
4.32,3.95,3.85,3.67
4.42,3.7,3.95,4.62
4.32,3.76,3.97,4.96
4.31,3.76,4.25,5.26
3.29,3.56,3.97,3.77
3.83,3.78,4.13,5.78
4.22,3.94,3.89,4.86
4.40,3.64,3.91,3.59
4.44,3.99,3.76,5.78
3.47,3.9,3.84,5.52
3.93,3.72,4.04,5.21
4.46,3.81,3.96,5.72
3.44,4.07,4.1,3.94
4.19,3.94,3.98,4.59
4.09,3.83,3.9,5.32
4.26,3.79,4.28,4.55
3.20,3.84,3.94,5.43
3.19,3.75,4.13,5.63
4.21,3.52,3.9,5.00
4.38,4.13,4.06,3.94
4.39,3.85,4.1,5.48
4.06,3.89,3.99,5.32
3.74,3.82,3.63,3.51
4.25,3.72,3.96,4.38
4.23,3.8,4.14,3.52
3.35,3.59,4.04,5.18
3.09,4.17,4.02,5.53
4.34,3.64,3.7,4.77
3.75,3.67,3.85,5.76
4.15,3.76,4.02,4.66
4.32,4.02,4.02,4.71
4.24,3.83,4.14,3.51
4.14,3.64,3.93,4.54
4.18,4.02,4.02,5.67
3.18,3.94,3.96,5.41
4.27,3.91,3.81,4.49
4.24,3.94,3.63,4.99
4.03,4.19,4.02,3.72
4.46,4.16,3.98,4.09
3.40,3.73,3.86,4.06
3.33,4.07,3.71,4.92
3.76,3.89,4.05,5.76
4.22,3.9,3.92,5.34
4.43,3.57,4.04,3.76
4.43,3.8,4.24,3.69
4.32,3.71,3.63,4.67
3.92,3.95,3.85,3.67
3.43,3.99,3.92,3.90
4.27,3.52,4.17,3.57
4.29,3.82,3.71,5.33
4.38,4,4.25,4.57
4.28,3.8,3.98,4.13
3.54,3.94,3.94,4.33
4.26,3.88,3.93,4.32
3.20,3.88,3.89,5.19
4.28,3.79,4.11,4.94
4.26,3.65,3.8,3.55
4.09,3.66,4.01,4.01
4.45,3.93,3.9,3.67
3.79,3.83,3.84,3.74
4.44,3.81,4.34,5.37
4.40,3.76,4.02,5.06
4.43,3.78,4.05,3.90
4.09,3.99,4.13,4.05
3.51,3.78,3.74,5.66
4.25,3.63,4.22,4.55
4.24,3.94,3.63,4.73
4.34,3.8,3.84,4.94
4.29,3.83,3.89,4.26
4.30,4.07,4.04,5.49
4.31,3.83,3.99,5.73
3.45,3.87,3.93,4.26
4.32,3.65,3.95,4.60
4.27,3.8,3.81,3.78
4.33,3.92,3.73,3.98
4.37,3.59,4.07,5.33
2.94,3.86,4.06,5.21
4.48,3.84,4.19,5.65
3.59,3.83,3.84,5.59
4.37,3.98,4.06,3.52
3.56,3.88,3.91,5.11
3.87,4.05,4.13,5.03
4.16,3.68,4.11,5.78
4.23,3.85,3.99,4.18
4.00,3.84,3.91,3.93
3.46,3.67,4.1,5.24
2.95,3.97,4.05,5.75
3.77,4.18,3.85,4.37
4.40,3.83,3.76,4.20
3.79,3.9,3.91,4.86
4.05,3.84,4.18,5.16
4.50,3.72,4.13,4.80
4.42,3.56,3.79,3.59
3.96,3.72,3.78,4.88
4.32,3.62,4.15,4.03
4.23,4.08,3.79,3.75
4.41,3.81,4.03,5.08
3.73,3.78,3.86,3.53
3.09,3.96,4.2,5.71
4.09,3.66,3.84,3.91
4.20,3.71,4.13,3.93
4.28,3.84,3.98,5.46
4.48,3.98,3.99,4.05
4.24,3.9,3.66,3.81
4.37,3.87,3.63,5.47
3.02,3.84,3.92,3.77
4.49,3.89,3.99,3.93
4.43,3.86,3.79,5.32
3.33,3.67,3.79,3.89
4.46,3.84,4.04,4.12
3.04,3.67,4.04,5.30
3.89,3.84,3.94,4.23
3.33,3.76,4.07,4.95
3.55,4.21,3.78,4.72
3.74,3.82,3.9,4.62
4.40,3.62,4.2,4.20
3.29,3.81,3.97,3.93
4.31,3.91,3.98,5.01
3.12,4.08,4.3,5.59
3.47,3.74,3.75,3.65
3.18,3.59,4.08,5.35
4.37,3.95,4.21,5.61
3.30,3.62,3.91,5.04
3.20,3.76,4.09,5.72
3.86,3.79,3.81,5.02
2.97,3.82,3.85,5.75
4.38,3.93,4.01,3.73
3.87,3.73,4.08,5.35
4.16,3.79,4.12,5.08
3.54,3.83,4.19,5.15
3.38,3.85,3.95,3.80
3.92,3.84,4.14,4.55
4.01,3.89,3.9,3.99
3.28,3.95,4.09,3.68
4.13,3.89,3.99,5.29
3.64,3.9,4.02,5.02
3.46,3.59,4.02,3.64
4.47,3.84,3.72,3.65
3.40,3.9,3.79,5.65
4.22,3.94,3.97,4.27
4.21,3.72,3.7,4.24
3.23,3.73,4.08,5.04
3.36,3.74,4.09,3.54
4.40,3.91,4.01,5.08
4.43,3.98,3.79,3.71
4.47,3.77,4.16,3.76
3.73,3.96,4.26,4.73
3.51,3.85,3.98,5.53
3.34,3.81,4.03,3.91
4.40,3.8,3.99,4.18
4.37,3.94,4.04,4.47
4.42,3.88,3.94,4.42
4.23,4.17,3.95,4.81
4.44,3.7,4.09,5.65
3.70,3.91,4.31,4.67
3.93,3.75,3.75,5.22
4.22,3.7,3.94,3.63
2.96,3.83,3.78,3.79
4.47,3.85,4.19,5.37
3.82,4.27,3.87,3.74
4.13,3.8,3.74,5.26
4.25,3.66,4.05,5.07
3.05,3.87,4.22,5.69
4.40,3.52,4.06,4.56
3.99,3.81,3.99,4.26
3.68,3.83,4.02,3.62
3.71,3.95,4.17,4.63
4.06,3.97,3.82,5.71
4.29,3.75,3.94,5.78
4.32,3.81,3.89,4.50
4.37,3.71,3.78,4.77
3.63,3.66,3.91,4.47
4.24,3.87,4.12,5.18
4.26,3.64,4.04,4.33
3.08,3.77,4.05,4.39
4.23,3.68,3.98,4.83
4.27,3.91,4.03,3.78
3.83,4.1,3.84,5.69
4.48,3.63,3.91,4.81
4.37,3.55,3.98,4.59
3.60,3.81,4,5.45
4.48,3.83,4,3.83
4.43,3.86,3.94,5.35
4.03,3.76,3.9,4.71
4.26,3.8,4.43,3.76
4.47,3.88,4.09,4.48
4.29,3.98,4.02,4.83
4.22,3.54,3.92,4.18
4.39,3.77,3.89,5.10
4.47,3.86,3.94,4.16
3.57,3.69,4,4.12
3.33,4.09,3.67,5.28
4.47,3.73,3.72,5.50
2.91,3.82,3.86,4.37
3.88,3.91,3.99,5.44
4.48,3.74,3.92,5.16
3.70,3.55,4.18,5.01
4.12,3.76,3.73,4.20
3.92,3.98,3.84,5.76
3.18,3.78,4.18,4.70
4.27,3.7,3.98,4.39
3.31,3.97,4.09,5.14
4.29,3.78,4.26,3.67
4.44,3.75,3.85,4.32
4.36,3.85,3.94,4.52
4.08,3.94,3.92,4.77
4.50,4.19,3.66,5.47
3.63,3.95,3.91,4.86
3.55,4,4.09,5.76
4.49,3.75,4.04,5.45
4.41,3.67,4.05,5.40
4.34,3.84,3.9,4.07
4.25,3.84,3.86,4.84
4.28,3.67,4.15,3.76
3.97,3.8,3.88,3.71
3.18,3.89,4,4.76
3.97,3.88,3.98,3.82
4.35,3.9,4.18,5.66
3.48,3.87,4.1,3.63
4.39,3.75,3.76,4.08
3.62,3.75,3.78,3.79
4.33,3.65,4.04,3.51
3.74,4.1,3.95,5.15
4.39,3.83,3.89,4.32
4.44,3.79,4.11,4.16
4.10,3.69,3.98,4.28
4.42,4.27,3.96,5.23
4.45,3.67,4.07,5.53
4.41,3.76,3.9,3.78
4.09,3.89,4.19,5.43
4.22,3.92,3.84,5.74
4.43,3.97,4.05,3.74
4.25,4.1,4.17,5.77
4.06,3.9,3.75,4.38
4.28,3.67,3.9,3.67
2.92,3.79,4.13,5.13
4.49,3.87,4.13,3.72
3.68,4.14,3.93,4.59
4.30,3.62,3.85,4.07
4.47,4.01,4.1,4.43
4.43,3.86,4.13,5.14
3.65,3.95,3.78,5.16
4.44,3.81,3.78,4.70
3.65,3.7,3.99,3.77
4.49,3.94,4.05,5.39
4.43,3.93,3.91,4.72
4.26,3.97,4.06,4.17
4.33,3.83,3.85,5.14
4.27,3.74,3.64,3.62
4.33,3.59,3.89,5.67
4.38,3.95,3.97,5.32
4.25,3.89,3.91,4.24
3.10,3.68,3.78,3.59
4.22,3.75,3.68,5.31
4.27,3.76,3.88,4.66
4.39,3.61,4.09,3.71
3.88,3.71,4.14,5.56
4.43,3.66,4.13,4.25
4.29,3.77,3.83,4.11
3.65,3.72,3.78,5.17
4.23,3.58,4.03,3.68
3.53,4.13,4.05,5.25
4.33,4.02,4.02,5.77
3.84,3.71,3.65,3.80
4.46,3.87,3.83,3.73
3.88,3.89,3.95,4.39
4.44,4.01,4.03,4.21
4.35,3.71,4.07,5.57
4.02,3.99,3.98,4.25
4.43,3.75,4.01,4.01
4.38,3.63,3.97,4.76
4.35,3.94,4.06,4.54
3.54,4.02,4,4.19
4.33,4.22,3.97,4.35
4.21,3.65,3.92,3.79
3.27,3.93,3.97,4.31
3.12,3.77,4.03,4.85
4.33,3.95,4,4.30
4.23,3.61,4.01,3.54
4.14,3.64,4.16,3.58
4.24,3.71,4,5.73
4.30,3.84,3.86,5.13
3.94,3.73,4.09,4.59
4.30,3.93,3.75,4.52
3.22,3.98,3.79,4.72
4.26,3.92,4.01,4.64
4.20,4.07,4.03,4.55
4.40,3.89,3.77,5.31
4.34,3.65,3.9,4.38
4.48,4.03,3.87,3.52
4.32,3.74,3.88,3.74
4.14,3.96,4.1,4.87
4.43,4.06,4.06,4.92
4.45,3.9,3.95,5.71
3.09,3.6,3.87,5.18
4.25,3.69,3.75,5.62
4.21,4.03,4.17,5.46
4.21,3.8,4.04,5.46
4.33,3.84,3.85,3.90
3.48,3.94,4.06,5.39
4.29,3.93,3.95,3.64
4.34,3.87,3.91,3.73
4.28,3.8,4.02,4.22
3.45,3.78,3.84,4.08
4.24,3.96,3.9,3.67
4.32,3.91,3.97,4.89
3.86,3.79,3.88,5.63
4.39,3.99,4.06,4.06
4.34,3.81,4.24,4.75
4.39,3.7,3.84,3.90
4.36,3.71,3.71,3.52
4.30,3.68,3.66,5.73
4.49,3.79,3.93,5.04
3.76,4.01,3.86,4.21
4.26,3.71,3.99,4.75
4.29,3.86,3.98,5.45
4.46,3.73,3.72,5.42
4.20,3.79,3.68,3.75
4.32,3.6,4,4.91
4.23,3.8,3.98,4.99
3.64,3.8,3.89,4.44
2.91,3.91,3.71,5.74
4.29,3.86,4.03,3.71
4.26,3.65,4.15,3.90
4.29,3.99,4,3.65
4.38,3.86,3.83,4.66
4.50,3.86,3.96,4.55
4.14,3.83,3.75,3.76
3.14,3.75,4.11,5.58
4.29,3.86,3.97,3.60
3.54,3.9,3.69,5.28
2.97,3.57,3.91,5.39
3.08,3.75,4.03,5.56
4.25,3.79,3.91,4.47
3.90,3.87,3.91,4.73
4.43,4.01,3.77,4.83
4.18,3.71,4.04,3.68
3.53,3.75,3.86,4.36
4.27,3.75,3.63,5.48
4.39,3.71,3.9,4.29
4.33,3.78,4.1,4.09
3.98,3.94,3.9,5.31
4.20,3.67,4.22,5.06
3.55,3.89,4.02,5.52
3.74,3.57,4.01,4.23
3.17,3.74,3.94,4.58
3.26,3.78,3.95,4.68
4.32,4.08,3.92,3.74
4.23,3.79,3.91,4.31
4.31,3.52,4.04,5.20
4.43,3.53,3.82,5.71
3.14,3.83,3.79,3.57
4.32,3.92,3.79,4.94
4.26,3.88,4.26,4.82
3.83,3.85,4.04,4.38
4.28,4,4,4.70
4.42,3.75,3.8,5.16
3.41,3.96,4.05,5.55
4.45,3.58,3.94,4.76
3.66,3.69,3.99,3.78
4.42,3.56,3.81,5.31
3.74,3.79,3.98,5.08
4.05,3.82,3.89,3.67
3.75,3.85,3.84,3.95
3.37,3.84,4.07,3.96
4.36,3.69,3.73,4.91
4.39,3.8,4.04,5.65
4.25,3.6,4.06,4.06
4.44,4.03,3.82,5.38
3.69,3.78,3.83,5.36
3.18,3.75,3.92,4.16
4.30,4.07,4,4.76
4.22,3.64,3.93,4.35
4.20,3.66,4.02,4.81
4.28,3.66,4.22,3.98
3.75,3.82,3.88,5.04
4.11,3.89,3.7,5.16
4.07,3.94,4.08,5.54
4.22,4.21,4.21,4.65
4.25,3.52,4.01,3.56
4.39,3.92,3.79,4.55
4.36,3.74,3.94,4.54
4.44,3.74,3.79,3.70
4.03,3.74,4.05,5.40
3.71,3.69,3.75,3.68
4.35,4.08,3.91,3.70
2.91,3.95,3.81,3.54
2.96,3.83,3.98,4.85
3.75,4.03,3.9,5.30
4.25,3.6,3.98,5.62
4.40,3.63,3.96,5.70
3.61,3.52,3.81,5.64
4.22,3.72,4.05,3.68
4.49,3.85,3.95,3.85
3.94,3.84,3.81,4.96
3.17,3.85,4.29,5.30
3.92,3.62,4.03,4.10
4.25,3.95,3.93,5.08
3.61,3.86,4.17,4.65
4.34,3.94,4.23,4.36
4.12,3.54,3.93,4.70
3.89,3.88,4.01,5.14
4.43,3.65,3.81,5.04
4.27,3.77,3.93,4.17
4.42,3.91,3.93,3.61
3.56,3.84,3.98,5.12
4.43,3.7,4.01,5.33
4.29,3.83,4.04,4.30
4.31,3.6,3.99,5.71
4.27,4,3.77,3.73
4.36,3.8,3.82,3.63
4.19,4,3.87,4.12
4.25,3.75,3.91,4.71
4.42,3.75,4.11,4.58
4.45,3.71,3.78,4.00
3.07,3.96,3.9,3.51
3.49,3.72,4.1,5.28
3.50,3.92,3.91,4.37
4.30,3.77,4.03,5.29
4.37,3.53,3.94,3.71
4.27,3.74,3.99,4.12
3.71,3.65,3.92,5.47
4.21,3.83,4.06,3.64
3.54,3.65,3.72,4.88
4.39,3.97,3.9,3.98
4.28,3.81,4,5.73
3.61,3.8,4.04,4.94
4.30,3.93,4.18,4.13
4.22,3.97,3.9,4.82
4.34,3.83,4.18,4.92
3.10,3.71,3.86,5.33
4.34,3.56,4.16,5.30
4.31,3.73,4.08,4.95
4.36,3.74,3.82,4.17
3.87,3.84,4,4.47
3.19,3.78,3.95,3.76
3.94,3.93,4.05,4.42
3.59,3.74,3.92,4.92
4.39,3.82,3.91,5.78
4.46,4.01,4.16,3.70
4.32,3.88,3.94,4.75
3.59,3.82,4.08,4.07
3.05,3.74,3.92,5.35
3.29,3.73,4.21,5.10
3.80,3.7,3.85,4.74
4.44,3.75,3.86,4.41
4.31,3.94,4.18,4.47
4.33,3.79,3.89,4.55
3.91,3.63,4.2,4.71
4.33,4.09,4.09,4.57
3.21,3.88,3.93,4.86
3.44,3.62,3.68,4.38
4.50,3.76,3.95,3.87
3.59,3.84,3.97,5.46
4.21,4.08,4.13,5.07
3.78,3.66,4.19,3.65
4.39,3.97,3.85,3.66
3.92,4.04,4.08,5.51
4.21,3.73,4.07,5.64
4.21,3.79,4.12,4.81
4.24,3.67,4.03,3.94
2.99,3.8,3.66,5.61
3.40,3.82,3.93,4.68
3.09,3.93,3.78,5.10
4.39,3.99,3.93,3.86
4.42,3.72,4.1,4.66
4.40,3.53,4,4.56
4.47,3.83,4.13,5.35
4.47,3.87,4.01,4.64
4.42,3.87,3.76,5.70
4.26,3.78,3.63,3.52
4.22,3.85,3.98,3.84
4.41,4.06,3.92,4.43
3.82,3.89,3.81,5.16
3.36,3.77,3.7,5.55
4.36,3.75,3.85,4.17
3.52,3.8,3.93,5.21
2.92,4.07,4.06,4.69
4.32,3.8,3.98,5.24
4.42,3.83,4.2,4.27
3.54,3.76,3.8,3.70
4.23,3.99,4.09,5.41
4.21,4.12,3.96,5.48
3.52,3.9,4.06,5.51
4.40,3.84,3.89,5.42
4.16,3.83,4.12,5.42
3.25,3.52,4,5.17
3.80,3.94,3.85,5.57
4.39,3.85,3.95,5.40
4.40,3.89,3.92,3.96
3.17,3.72,4.03,4.65
4.21,3.77,3.78,4.92
4.30,3.77,3.95,4.35
4.42,3.98,4.02,5.16
3.09,3.77,3.96,5.35
4.44,4.14,4.16,5.56
3.10,3.89,4.07,5.69
4.34,3.64,3.95,5.06
3.62,3.81,3.99,5.40
4.31,3.73,4,3.57
3.70,3.52,4.02,5.71
4.45,4.07,3.68,5.06
3.87,3.93,3.91,4.62
3.46,3.91,3.73,5.00
3.20,3.85,4.15,3.80
4.29,3.62,3.95,3.97
2.94,3.76,3.93,4.93
3.81,3.95,4.09,4.75
3.77,3.67,4.02,5.44
4.43,3.52,3.79,5.12
3.82,3.79,3.95,4.42
4.42,3.81,3.91,5.14
4.41,3.85,3.69,4.29
3.23,3.94,3.85,4.90
4.40,3.92,3.93,5.52
4.16,3.87,3.94,3.72
4.24,4.01,3.73,3.96
3.69,3.6,4.13,4.50
4.39,3.9,3.94,3.98
4.50,3.92,3.96,3.97
4.40,3.64,4.02,3.69
4.23,3.6,3.84,5.51
4.15,3.72,4.02,4.48
3.16,3.73,3.9,3.93
3.04,3.94,3.82,5.27
4.45,3.74,4.04,4.62
4.44,3.7,4.18,3.63
3.47,3.74,4.06,5.58
4.39,4,4.09,5.47
3.34,3.83,3.88,4.31
4.44,3.8,3.72,3.71
3.00,3.81,4.18,4.56
3.29,4.02,4.26,4.01
4.32,3.72,4.19,5.32
3.96,4.03,3.91,4.54
2.92,3.86,3.78,4.86
4.28,3.8,3.8,5.00
3.05,4.2,3.7,5.65
4.40,3.67,3.94,5.29
4.45,3.78,4.2,4.83
4.36,3.64,3.93,5.02
4.29,3.97,4,5.10
3.84,4.08,4.16,3.94
4.46,4.08,3.9,4.28
4.42,4.01,4.26,5.66
3.78,3.8,4.25,4.36
4.27,3.77,3.94,4.12
4.38,3.58,3.87,5.04
4.45,4.13,4.06,5.70
3.23,3.9,3.9,3.71
3.50,3.75,3.78,4.43
3.25,4.03,4.15,4.16
4.37,3.68,4.14,3.58
4.33,3.89,3.98,4.55
4.23,3.8,3.77,3.66
4.08,3.92,3.77,4.56
3.95,3.82,3.97,5.04
4.22,3.61,3.88,4.47
4.28,3.84,3.9,4.07
3.66,3.99,4.11,4.92
4.00,3.82,4.07,5.25
4.29,3.94,4.16,4.09
4.27,3.67,3.81,3.50
4.29,3.82,3.9,5.66
3.86,3.73,4.07,4.54
3.92,3.94,4.02,4.78
4.21,3.83,4.19,4.78
4.39,3.93,4.02,3.76
3.54,3.99,4.23,4.80
4.00,3.93,4.04,4.14
4.43,3.87,4.12,5.34
4.40,3.68,3.91,4.40
3.83,3.83,3.96,5.31
3.54,3.75,4.09,3.90
4.36,3.78,4.2,5.76
3.69,3.77,4.07,3.86
4.47,3.68,3.94,4.13
4.46,3.53,4.16,5.07
4.24,3.73,3.63,4.05
4.21,3.86,3.74,5.53
4.12,3.63,4.06,4.12
4.20,3.83,3.96,5.68
4.21,4.11,4.05,5.62
4.42,3.98,3.97,4.13
3.26,4.07,4.04,5.76
4.27,3.89,3.83,5.36
3.01,4,4.04,3.78
4.43,3.72,4.11,3.70
4.42,3.73,4.14,5.57
3.45,3.52,4.26,3.68
4.37,4.01,3.99,5.43
3.04,4.06,4,3.88
3.12,3.75,3.73,4.23
3.95,3.79,3.88,4.92
4.39,3.72,3.93,5.25
4.47,3.89,4.11,5.37
4.00,4,3.86,4.77
4.41,3.57,4.08,5.03
4.25,3.89,3.96,4.52
3.92,3.79,3.93,4.73
4.32,3.85,3.99,4.52
4.42,3.9,3.9,3.52
3.11,3.8,3.89,4.94
4.36,3.81,3.7,5.44
3.91,3.8,3.92,3.54
4.22,3.97,3.88,4.13
3.93,3.89,3.88,5.48
4.44,3.86,4.02,5.06
4.38,3.64,4.05,4.75
4.48,3.77,3.99,3.74
3.17,3.96,4.11,4.25
3.05,3.83,4.04,4.81
4.37,3.93,3.91,5.58
4.24,4.09,3.89,4.73
4.02,3.98,4,4.96
4.50,3.84,4.04,5.02
3.30,3.75,4.17,4.12
4.19,3.52,4.13,4.09
2.95,3.8,3.87,4.40
4.41,3.78,3.94,4.25
3.37,3.89,4.06,4.16
4.47,3.81,4.12,4.20
4.22,3.78,4.1,4.77
4.45,3.56,3.95,5.17
4.06,3.69,3.77,4.67
3.77,3.9,3.81,4.25
4.22,4.09,4,3.76
4.29,3.81,4.01,5.65
4.06,3.88,3.79,4.24
3.96,3.97,3.96,4.82
4.21,3.71,4.05,4.13
4.20,3.88,3.78,4.10
3.19,3.72,4.12,4.35
3.77,3.96,3.9,4.10
4.28,3.85,4.14,4.49
3.62,3.87,3.88,3.67
4.44,3.71,3.8,4.85
4.50,3.93,3.89,4.44
4.24,4.14,3.94,5.07
2.96,3.68,3.9,5.18
3.19,3.78,3.92,4.51
3.03,3.86,4.01,5.77
3.59,3.95,3.93,5.33
4.01,3.74,3.95,5.18
4.42,3.52,3.7,4.38
3.48,4.03,4.01,4.68
4.23,3.94,3.94,4.55
3.23,3.57,4.2,5.58
3.54,3.74,3.82,4.21
4.39,4.06,3.68,4.24
3.54,4.05,4.05,3.80
4.47,3.97,4.01,3.70
4.32,3.8,3.8,3.96
4.20,3.84,3.73,5.20
4.36,3.81,4.19,3.73
4.20,4,4.17,3.84
4.32,3.7,3.63,3.96
3.35,3.71,3.89,4.49
2.93,3.98,4.21,3.84
4.28,3.82,3.88,3.66
4.40,4.04,3.88,3.86
4.35,3.73,3.91,3.71
3.07,3.82,3.79,5.43
4.24,3.69,3.7,5.16
4.22,3.83,4.11,5.27
3.29,3.61,3.68,5.15
3.58,3.76,3.99,4.68
4.24,3.61,4.09,5.32
3.41,3.93,3.74,4.27
3.55,3.94,3.82,5.69
4.23,3.57,4.14,3.59
3.34,4.03,4.04,4.97
3.21,4.2,3.86,3.52
4.49,3.84,4.14,4.02
4.07,3.73,4.14,4.16
3.07,4.25,4,4.87
4.27,3.63,3.82,4.73
4.43,3.83,3.89,5.40
3.14,3.86,4,5.79
3.81,4.03,3.93,4.65
4.21,3.88,4.1,4.08
4.49,3.75,3.73,4.04
3.70,3.69,3.73,3.92
4.41,3.78,3.98,4.67
4.34,3.68,3.88,5.29
4.31,3.84,3.86,4.00
4.41,3.74,3.69,5.27
2.98,3.6,3.96,4.01
4.30,4.02,3.95,5.77
4.27,3.75,4.05,5.50
3.63,3.64,3.97,4.41
4.42,3.8,3.94,5.78
4.48,3.84,4.13,3.73
4.45,3.57,3.76,4.52
4.23,3.88,4.04,4.67
4.13,3.67,3.71,4.13
3.84,4.08,3.83,4.38
3.19,3.91,3.77,4.31
3.79,3.77,4.07,4.98
3.35,3.72,3.95,3.86
4.22,3.81,3.95,3.72
4.39,3.92,3.79,5.62
4.21,3.82,3.91,5.50
4.32,3.8,3.84,4.14
3.02,3.84,4.01,4.70
4.21,3.74,3.81,3.96
3.96,3.78,4.16,4.97
3.30,3.52,3.7,5.63
4.46,3.97,3.84,4.28
3.44,3.87,4.21,4.31
2.91,3.71,3.89,3.62
4.09,4.11,3.76,4.18
4.29,3.84,3.99,5.45
3.81,3.67,3.88,5.13
4.25,3.96,3.83,5.24
4.36,3.89,3.79,5.68
3.80,3.89,4.37,4.19
3.48,3.76,3.92,5.21
4.43,3.9,3.67,4.85
4.45,3.79,4.18,3.87
3.89,3.91,4.05,4.22
3.17,3.54,3.84,5.29
3.66,3.76,3.82,4.22
4.42,4.09,4.06,5.16
4.43,3.71,3.92,5.04
4.43,3.74,3.67,3.83
3.06,3.76,4.22,5.07
3.94,3.65,3.89,4.32
4.23,3.52,4.18,5.76
3.27,3.79,4.15,4.95
4.29,3.85,3.81,4.91
4.27,3.82,4.11,4.21
4.32,3.81,3.86,4.76
4.37,3.83,3.68,4.09
2.97,3.98,3.89,4.80
4.28,3.8,4.02,3.96
2.98,3.74,3.89,5.03
3.06,3.79,3.91,4.31
4.46,3.92,4.13,3.54
3.62,4.04,3.97,4.39
3.29,3.73,3.83,3.88
4.44,3.84,4.06,4.10
4.41,3.88,3.99,4.43
3.65,3.68,3.63,4.41
4.46,3.83,4.02,4.51
3.69,3.61,4.01,5.04
3.58,3.56,3.96,3.63
4.31,3.88,4.09,5.05
4.23,3.77,3.86,5.75
4.50,3.86,4.01,3.80
3.76,3.83,3.72,3.70
4.29,3.68,4.02,4.98
3.74,3.82,4.25,3.69
3.19,3.64,3.81,4.73
4.17,4.04,3.84,5.56
4.47,3.62,3.85,5.03
3.75,3.8,3.98,5.34
4.26,3.67,3.8,3.62
4.41,3.91,4.02,5.73
4.41,3.78,4.08,5.24
4.12,3.75,4.04,5.75
4.33,3.96,3.69,4.81
3.06,3.83,4.11,4.67
4.39,3.91,4.1,3.95
4.47,3.68,4.08,4.01
4.22,3.62,4.01,4.22
4.28,3.84,3.99,4.31
3.48,3.78,4.11,4.85
4.27,3.92,4.24,5.12
4.50,3.82,3.81,3.58
3.33,3.86,4.12,3.85
3.29,3.58,3.94,4.68
3.05,4.11,3.94,3.57
3.26,3.8,3.73,5.52
4.31,3.93,3.91,4.59
4.25,3.7,3.81,5.59
3.24,3.87,3.89,4.11
4.33,3.63,3.79,5.49
3.83,3.9,3.89,4.91
4.26,3.77,3.9,3.66
3.22,3.83,3.97,3.72
4.08,3.93,3.71,5.77
4.25,3.64,3.74,5.59
4.43,3.73,4.01,3.90
3.85,3.9,3.84,4.24
4.45,4.14,4.12,4.70
2.94,3.81,3.99,5.21
3.86,3.92,4.05,3.84
4.03,3.81,4.17,3.83
4.43,4.12,3.91,3.54
4.16,3.57,3.87,3.89
4.32,3.84,4.09,5.78
3.46,3.58,4.03,5.24
2.93,3.52,3.93,4.54
4.36,3.87,4.16,4.40
4.22,3.85,3.92,4.17
3.54,3.79,3.96,4.56
3.99,3.81,3.96,4.05
3.24,4.29,3.82,3.58
4.20,3.79,3.97,4.72
4.39,3.9,4.17,5.17
3.45,3.73,4.02,5.14
4.38,3.87,3.96,4.51
4.37,3.79,3.93,5.22
3.68,3.77,4.01,4.66
3.10,4.1,4.07,4.10
4.25,4,4.05,3.91
4.40,3.85,3.91,4.01
3.74,3.52,4,5.54
4.23,3.77,4.03,3.95
4.39,4.23,3.8,5.50
4.26,3.79,3.98,3.62
4.28,3.99,3.63,4.15
4.39,4.04,4.03,4.11
2.98,3.86,4.06,3.90
4.45,3.7,4.07,4.89
3.32,3.52,3.9,4.86
2.97,3.93,4,4.54
4.43,3.71,4.17,4.94
3.65,3.85,4.17,3.60
3.30,3.64,3.95,4.14
4.26,3.79,3.98,4.18
3.84,3.83,4.12,3.77
4.23,3.87,3.73,4.29
4.39,3.66,3.91,4.77
4.06,4.01,4.16,5.63
4.41,3.74,4.1,3.88
3.61,3.58,4.01,4.67
4.50,3.81,3.73,4.01
4.36,3.83,3.95,3.84
4.43,3.85,3.87,3.89
4.34,4.03,4.01,3.72
4.30,3.79,3.83,4.32
4.45,3.81,3.8,5.52
3.51,3.66,3.65,5.44
4.42,3.95,4.14,3.97
4.38,3.86,3.9,3.66
4.32,3.77,3.98,4.83
3.99,3.54,3.96,4.99
4.19,4.04,3.8,5.27
4.38,3.64,3.77,5.56
3.47,3.74,3.81,5.27
4.36,3.88,3.85,4.76
4.22,3.65,4.01,4.93
3.93,3.6,3.84,4.78
4.41,3.52,4.22,4.72
4.29,3.94,4.11,3.89
4.49,3.75,4.08,5.59
3.44,4.27,3.94,3.62
4.12,3.68,4.18,4.24
4.38,3.69,3.92,3.71
3.12,3.74,3.95,3.78
3.31,3.86,3.98,5.49
3.16,3.76,4.06,5.18
2.92,3.92,4.05,4.03
4.33,3.68,3.88,3.78
3.93,3.62,3.88,5.73
4.31,3.56,4.05,4.43
4.33,3.52,4.06,5.12
4.16,3.75,3.9,5.64
3.76,3.78,3.72,4.30
3.91,3.73,3.92,5.53
2.99,4.01,4.05,4.95
3.10,4.01,4.23,4.02
3.03,3.78,3.78,4.00
3.71,3.56,3.89,4.42
4.24,3.74,3.9,5.28
4.45,3.74,4.16,4.17
4.32,3.73,3.95,5.23
3.67,3.72,3.82,4.58
4.43,3.73,4.04,4.55
4.26,3.77,3.9,5.73
3.00,3.73,3.77,4.34
4.24,3.86,3.82,3.88
4.44,3.88,4.22,4.58
3.49,3.69,4.01,5.47
4.23,4.02,3.97,5.27
3.03,3.68,3.92,3.79
4.25,3.59,4,5.67
4.49,3.89,4,4.30
3.95,3.71,4,5.00
3.31,3.88,3.97,5.09
4.07,3.52,4.09,4.20
3.13,4.04,3.96,4.99
2.96,3.93,3.81,3.75
4.48,3.6,3.86,4.49
4.42,3.61,3.66,5.33
4.40,4.08,4.26,4.94
4.28,3.72,4.09,5.23
3.28,3.7,3.83,3.64
3.02,3.52,3.91,5.58
4.30,3.78,3.86,5.36
4.00,3.79,4.19,3.63
4.48,3.94,3.74,5.48
4.31,3.62,3.97,3.82
4.13,3.6,3.94,3.52
4.42,3.9,4.08,4.68
4.43,3.98,3.94,4.29
3.93,3.59,3.69,5.56
4.46,3.99,3.92,5.17
3.66,3.83,3.81,5.16
4.39,3.99,3.97,5.12
4.44,3.82,4.17,3.72
4.36,3.52,3.7,5.70
4.27,3.81,3.84,3.63
4.32,3.99,3.87,5.32
4.26,3.69,3.9,5.14
4.22,3.77,4.07,3.54
3.75,3.8,3.93,4.96
4.39,3.52,4.02,3.94
3.68,4.08,3.86,4.71
4.23,3.69,3.99,5.41
3.49,3.9,4.07,5.31
4.45,3.82,3.85,5.60
4.44,4.02,4.07,5.33
3.58,3.89,3.96,5.51
4.23,3.79,4.11,5.11
4.41,3.69,3.93,4.89
4.43,3.95,4.01,4.53
3.82,3.55,3.95,5.38
3.42,3.93,3.94,5.13
4.00,3.66,3.99,4.65
4.13,4.02,4.04,5.23
4.46,3.85,3.77,4.04
3.42,3.92,4.17,4.76
4.36,3.84,3.68,4.06
2.96,3.57,3.85,5.24
4.41,3.7,3.94,4.45
4.33,3.93,4.02,3.79
4.15,3.85,4.19,5.71
4.37,4.01,3.68,5.37
4.48,3.89,3.88,4.81
4.35,3.68,3.64,5.45
4.42,3.71,3.96,4.94
4.37,3.84,4,3.69
4.08,3.52,4.19,4.97
4.25,4.08,3.97,4.29
3.35,3.89,4.11,4.01
2.95,4.01,4.04,4.60
4.24,3.59,3.89,3.98
4.48,4.01,3.74,4.51
3.03,4.16,4,3.62
4.37,3.63,3.73,4.97
4.34,3.94,4.15,5.52
4.32,3.83,3.93,4.30
4.45,3.6,4.14,4.61
4.25,3.9,3.88,3.54
4.45,3.95,4,4.46
4.01,3.74,3.99,4.55
3.84,4,3.95,5.34
4.26,3.58,3.89,5.62
3.62,3.6,4.01,5.07
3.45,3.85,3.82,3.59
4.23,3.83,3.77,4.29
4.28,3.72,4.14,4.06
3.53,3.95,4.07,4.16
3.42,3.91,3.97,5.33
3.77,3.96,4.21,5.62
4.13,3.81,3.92,5.52
4.50,3.92,4.15,4.30
4.24,3.76,3.98,4.27
3.88,4.14,3.8,5.71
3.49,3.71,4.23,4.09
4.47,4.14,4.1,5.61
4.33,3.83,3.94,4.57
3.64,3.62,4.07,4.06
4.35,4.03,3.9,5.06
3.18,3.85,4.08,4.48
3.64,3.96,3.63,4.03
3.49,4.01,3.8,4.80
3.31,3.88,4.1,4.81
4.36,3.74,3.92,5.30
3.93,3.97,3.99,4.29
4.47,3.83,3.75,4.29
4.47,3.93,4.23,4.16
4.26,3.52,4.13,4.79
4.31,3.9,3.93,5.38
4.43,3.73,3.9,3.68
4.26,4.08,4.11,4.90
3.61,3.92,4.25,3.66
4.30,3.86,4.1,4.24
3.69,3.9,4.28,5.10
3.27,3.68,3.82,4.72
2.96,4.07,3.83,5.61
4.49,4.13,3.78,5.29
4.37,3.89,4.02,5.33
4.30,4.07,3.98,4.62
3.37,3.74,3.93,4.20
3.67,3.71,4.08,5.16
4.46,3.83,4.14,3.96
4.28,3.89,3.73,4.71
4.44,3.77,3.87,5.75
4.22,3.91,4.08,3.99
4.35,3.87,3.89,5.21
4.13,3.68,3.84,5.06
3.83,3.91,4.11,3.60
4.44,3.96,3.76,4.31
4.40,3.85,3.91,4.52
3.35,4,4.01,3.71
4.10,3.65,3.87,3.52
4.35,3.9,4.07,4.73
4.25,3.65,3.87,5.33
4.38,3.66,4.17,4.63
3.97,3.73,3.94,4.23
4.31,3.69,4.06,4.14
3.97,3.75,4.07,4.43
4.49,3.8,3.86,4.18
3.97,3.95,3.65,5.46
4.20,3.78,4.01,4.58
4.34,3.59,3.97,3.76
4.40,4,4.04,4.52
4.26,3.7,3.92,5.15
4.26,3.82,3.89,3.79
4.15,3.9,4.26,5.64
4.47,3.86,3.74,5.52
4.43,3.99,4.07,4.80
4.34,3.9,3.87,5.72
4.35,3.7,3.91,5.39
4.41,4.16,3.91,5.61
4.40,3.86,3.84,4.05
3.84,3.81,4.04,5.38
3.29,3.97,4.16,5.12
4.37,3.87,4.03,5.78
4.50,3.89,3.97,4.00
3.67,4.2,3.81,4.52
4.28,3.79,4.03,5.14
4.43,3.78,4.28,5.56
4.29,3.85,3.9,4.52
4.40,3.99,3.9,5.09
4.32,3.6,3.87,4.01
4.33,3.53,3.88,4.07
3.34,3.74,3.63,5.03
4.40,3.58,4.02,5.58
4.36,3.76,3.83,4.14
4.05,3.9,3.71,5.33
3.98,3.69,4.07,4.17
4.36,3.61,3.79,4.52
3.19,3.84,3.91,4.62
3.97,3.96,4.18,5.61
4.48,3.57,3.74,5.53
4.33,3.95,3.73,4.37
4.48,3.95,4,3.67
4.28,3.97,4.13,5.04
4.21,4.01,3.72,5.07
3.77,4.16,4.02,4.83
4.28,3.77,4.04,4.72
3.10,3.84,3.65,4.51
4.21,3.77,4.08,3.53
3.05,3.83,4.09,5.31
4.24,4.06,3.91,3.68
4.18,3.63,4.14,5.37
4.48,3.7,4.13,4.16
4.40,4.03,3.97,4.09
4.43,3.98,3.89,5.52
4.43,3.77,3.81,3.85
4.27,3.96,3.95,3.53
4.21,3.88,4.04,3.82
2.95,4.05,3.91,4.11
4.31,3.84,3.63,4.64
4.26,3.98,4.15,4.05
3.13,4.22,3.98,4.48
4.34,3.92,3.9,3.62
3.15,3.84,4.08,5.46
3.05,3.94,4.18,5.36
4.43,3.77,3.63,5.37
4.23,4.19,4.02,4.08
4.23,3.86,3.74,5.37
3.24,3.79,4.03,5.03
4.07,3.7,3.98,4.47
4.35,3.99,4.05,5.52
3.43,3.96,3.88,5.43
3.37,3.75,3.68,5.11
4.39,3.91,3.89,4.35
4.29,3.6,4.02,5.11
3.17,3.86,4.11,4.58
4.44,3.9,3.78,4.71
4.35,4.08,4.11,5.23
4.31,3.71,3.86,3.84
4.07,3.64,4.01,4.00
3.23,3.69,3.88,3.80
4.23,3.63,3.98,3.75
3.27,4.03,4.09,3.71
3.75,4.06,3.77,3.73
3.15,3.88,3.85,4.63
4.39,4.01,3.98,5.06
4.23,3.85,4.32,4.38
3.29,3.81,3.83,4.85
4.45,3.78,4.26,4.27
3.27,3.78,4.26,5.68
4.26,3.6,3.94,4.68
3.55,3.87,3.91,4.35
4.40,3.82,3.85,5.51
3.27,3.94,3.95,3.50
4.46,3.84,3.75,3.98
3.83,3.8,3.94,4.20
4.33,3.7,4.18,3.82
4.41,3.84,3.86,4.73
4.50,3.94,3.92,5.40
3.54,3.66,3.7,5.40
3.25,3.84,4.01,4.78
4.37,3.86,4,4.17
4.41,3.72,3.97,3.65
2.98,3.74,3.92,5.40
4.29,3.86,3.91,5.00
4.26,3.66,4.03,4.07
4.23,3.88,3.95,5.42
4.24,3.69,4,3.61
4.49,3.99,3.99,4.54
4.18,4.18,4.12,5.56
4.10,3.7,4.06,4.74
4.25,3.91,3.99,3.57
4.33,3.72,4.18,3.62
3.91,3.98,4.02,3.66
4.23,3.64,4.15,5.33
3.84,3.9,4.05,5.22
4.44,3.7,3.68,3.75
3.27,3.8,4.15,4.91
3.95,3.67,3.98,4.01
3.92,3.95,3.95,3.63
4.43,3.7,4,5.59
3.38,3.91,3.9,4.28
3.99,3.78,3.99,5.11
3.39,3.81,3.87,4.51
4.24,3.85,4.15,5.59
4.49,3.71,3.94,4.85
4.36,3.86,3.9,5.55
4.46,4.06,3.82,4.11
3.13,3.71,4,4.59
4.21,4,3.98,3.60
4.36,4.05,4.01,3.90
3.98,3.71,3.8,4.82
2.99,3.61,3.72,4.58
4.47,3.87,4.05,3.81
4.27,3.75,4.18,5.42
3.13,4.11,3.8,5.41
4.25,3.83,4.19,4.45
4.26,3.71,4,5.40
3.03,3.66,3.96,4.97
4.26,3.99,3.9,4.62
4.48,3.74,3.75,3.77
3.26,3.83,4.1,4.77
4.31,3.97,3.84,4.83
4.36,3.76,3.84,4.09
3.55,3.82,4.1,4.89
4.23,3.83,3.67,5.49
4.42,3.93,3.73,5.54
3.32,3.92,3.95,5.48
3.22,3.8,4,5.43
3.49,3.84,4.03,5.06
2.91,3.77,3.91,5.66
3.96,3.61,4.34,4.40
4.10,3.87,3.92,5.06
4.34,4.11,3.92,5.48
4.38,3.7,3.84,5.44
4.44,3.71,3.97,5.60
4.33,3.7,4.05,4.35
4.25,3.94,4.14,5.72
4.49,3.9,3.73,5.76
2.98,3.8,3.92,4.82
4.26,3.69,4.02,5.39
3.25,3.84,4.04,4.20
3.52,3.59,3.96,5.02
4.46,3.85,4.04,3.89
4.47,3.96,3.83,4.86
4.15,3.64,4.19,4.86
4.28,3.6,4.1,4.08
3.45,4.07,3.75,3.60
4.45,3.74,3.79,5.49
4.50,4,3.8,4.85
4.11,3.81,4.06,4.67
4.33,3.8,3.76,5.19
4.47,3.89,3.91,3.95
3.77,3.7,4.02,3.52
4.41,3.85,3.95,3.83
2.92,3.77,3.99,3.60
3.05,3.63,3.8,5.29
3.63,3.88,4.05,3.97
3.01,3.79,3.86,4.84
3.36,3.8,3.91,5.22
3.50,3.65,3.99,3.98
4.35,4.07,3.97,5.10
3.61,3.96,3.96,5.65
4.05,3.97,3.84,4.84
4.21,3.78,3.91,3.59
3.66,3.57,3.96,4.42
3.93,4.12,3.75,4.63
3.88,3.82,3.89,4.16
4.19,3.72,4.01,5.73
4.45,3.89,3.76,5.12
3.38,4,4.13,3.85
4.13,3.82,4.15,5.26
2.94,4.02,3.77,3.84
4.23,3.99,4.16,5.43
3.36,3.67,3.93,4.59
2.91,3.73,4.02,3.73
4.11,3.97,3.88,5.04
4.29,3.52,4.09,5.10
4.43,3.81,4.02,3.72
3.98,3.61,3.83,4.36
4.26,3.76,3.78,5.02
4.41,3.78,3.74,5.29
4.26,3.77,3.98,3.56
4.22,3.75,4.04,4.77
3.04,3.66,4.05,4.54
4.43,4.17,3.94,5.76
4.25,4.11,3.78,5.66
3.01,3.65,3.85,5.06
3.98,4.07,4.13,3.52
4.39,3.77,3.88,4.30
3.16,3.85,3.98,4.62
4.36,3.82,3.79,4.68
4.07,3.73,4.01,4.48
4.05,3.98,3.89,5.35
4.32,3.85,4.11,5.00
3.05,3.76,4.07,5.09
4.16,3.63,3.88,4.91
4.22,3.69,3.94,4.55
3.10,3.58,3.87,5.45
3.10,3.83,3.74,5.44
3.32,3.65,3.83,5.79
4.41,3.79,3.99,3.92
4.38,4.03,4,3.75
3.05,4.01,3.98,5.51
2.95,3.82,3.91,4.26
3.68,3.82,4.1,3.80
4.44,4.11,3.97,3.79
4.30,3.91,4.06,5.75
3.68,3.78,3.69,4.85
4.17,3.61,3.63,5.08
4.26,3.89,4,5.06
3.89,3.95,3.74,4.69
3.93,3.73,3.92,5.35
3.52,3.87,3.91,4.66
4.47,3.77,4.19,3.79
3.25,3.8,4.02,3.62
4.29,3.52,3.98,3.60
3.36,3.8,4.08,5.09
3.89,3.97,4.01,5.13
3.48,3.73,3.89,5.03
4.30,3.84,4.12,3.83
4.29,3.71,3.79,4.67
4.09,3.88,4,5.60
3.35,3.8,3.72,5.33
3.67,3.69,3.99,3.95
4.49,4.03,3.99,5.24
3.55,3.97,4.21,3.83
4.24,3.74,3.72,3.92
4.46,3.9,3.87,4.31
4.43,3.91,4.08,5.62
4.23,3.92,4.01,4.66
3.71,3.57,3.98,4.58
3.10,3.98,3.81,4.84
4.40,3.74,3.87,5.58
4.24,3.77,4.14,4.98
4.32,4.22,3.95,3.75
2.99,3.87,4.01,4.24
3.30,3.77,3.94,4.10
2.96,3.52,3.78,5.71
3.44,4.04,4.1,5.35
4.42,3.63,4.03,4.80
3.85,3.68,4.3,4.47
3.46,3.78,3.8,4.29
4.34,4.04,4.08,4.60
4.46,3.94,3.76,4.23
3.74,3.8,3.98,4.83
4.47,3.87,4.1,4.93
4.23,3.74,3.65,5.49
3.70,3.85,3.93,4.86
4.28,3.84,3.87,4.79
3.12,3.97,3.85,3.68
3.42,3.97,4.01,4.51
3.03,3.9,4.12,5.30
4.30,3.77,3.94,3.91
3.41,3.94,3.99,4.49
4.23,3.81,3.97,5.71
4.36,3.67,3.96,5.39
4.39,3.77,3.79,4.66
3.18,3.84,4.12,3.93
3.03,3.96,4,4.58
4.22,3.8,4.02,5.60
4.32,3.65,3.84,3.68
3.72,3.84,3.89,4.36
4.43,3.85,3.93,5.40
3.47,3.86,3.73,5.49
3.94,3.97,3.7,4.83
4.34,3.98,3.87,4.77
3.15,3.74,4.03,4.26
4.49,3.74,3.86,5.16
4.22,3.67,3.8,4.72
4.25,3.93,3.83,3.67
4.26,4.05,3.89,3.69
2.97,3.78,3.9,4.52
3.88,3.79,4.28,4.02
3.00,4.05,4.11,3.84
3.63,3.9,4.11,5.17
3.84,3.89,4.13,5.63
4.28,3.65,3.81,4.74
4.31,3.93,3.77,5.05
4.23,3.69,3.79,3.54
4.28,3.66,4.16,4.30
4.30,3.78,3.87,5.60
4.46,3.74,3.77,5.26
4.22,3.8,3.89,4.42
4.26,3.61,3.92,4.11
4.42,3.97,4,4.97
4.24,4,3.99,5.63
3.98,3.54,3.83,5.60
4.46,3.98,4.06,5.18
3.88,3.71,3.86,4.71
4.20,3.96,3.93,3.88
4.26,3.82,4.06,5.38
4.28,3.83,3.86,4.25
4.50,3.8,3.87,4.21
4.46,4.01,4.04,5.73
4.21,3.64,3.83,5.32
4.44,3.92,3.9,3.96
3.44,3.99,4.04,4.70
4.20,3.94,4.26,5.71
3.91,4.18,4.05,5.56
4.48,3.75,4.03,4.56
4.42,3.97,4.04,5.70
4.41,3.81,3.8,3.59
4.41,4.01,3.97,5.42
4.14,3.83,3.95,4.34
3.64,3.77,4,4.11
4.15,4.02,3.97,5.60
4.40,3.75,4.01,3.89
4.35,3.62,3.91,4.72
3.58,3.75,3.96,4.33
4.36,3.92,3.77,4.18
4.26,4.04,3.91,4.14
4.31,3.84,4.16,5.40
4.41,4.03,4,5.29
4.23,3.62,3.95,4.28
3.84,3.76,4.24,5.27
3.32,3.78,3.75,4.62
3.92,3.81,3.79,4.44
3.86,3.84,4.21,3.57
4.25,3.93,3.96,4.92
3.09,3.76,3.92,4.59
3.13,3.85,3.78,3.53
4.46,3.82,4.02,5.14
3.57,3.69,4.04,3.55
4.45,3.81,3.79,5.26
4.43,3.81,3.94,4.28
3.92,3.8,3.91,4.09
3.52,3.83,3.99,4.63
4.25,3.84,3.79,5.18
4.44,3.76,4.14,5.36
3.01,4.02,4.09,4.92
2.98,3.65,3.9,4.57
4.26,3.72,3.92,5.42
4.11,4.25,3.94,5.06
4.31,3.67,3.84,5.76
3.84,3.63,3.89,5.49
4.33,3.94,3.92,4.30
3.57,3.52,4.2,5.19
4.41,3.79,4.1,3.94
4.38,4.15,4.1,5.61
4.38,3.6,4.01,4.30
4.21,3.53,3.79,4.56
4.41,3.6,3.95,4.52
3.68,3.96,4.1,5.17
4.36,4,3.77,4.32
4.30,3.75,4.05,3.50
4.06,3.93,4.3,5.50
4.26,4.04,4.12,4.69
4.26,4.1,4.17,4.40
3.95,3.79,3.99,3.89
4.08,3.52,4.1,5.33
4.10,3.71,3.85,3.76
3.52,3.76,4.08,3.71
4.45,3.79,4.05,4.72
3.80,3.8,4,4.07
3.31,4,4.15,5.08
2.98,4.02,3.88,4.30
4.49,3.8,3.93,4.98
3.57,3.99,3.97,5.25
3.56,3.88,3.8,4.08
4.32,3.84,3.99,5.68
4.28,3.96,3.7,5.43
4.41,3.84,4.11,4.69
3.16,4.14,3.96,5.48
4.41,3.61,3.88,5.46
4.33,3.75,3.83,4.62
4.18,3.81,3.92,4.72
3.40,3.89,4.06,3.72
3.35,4.02,4.04,4.99
3.34,3.82,3.85,5.31
4.46,3.61,3.83,5.42
4.05,3.95,4.05,4.18
3.84,3.94,3.85,5.72
4.44,3.54,3.97,5.57
4.48,3.83,3.97,4.71
4.30,3.59,4,5.00
4.47,3.73,4.08,5.55
3.91,3.69,3.77,4.85
4.38,3.95,3.67,4.40
4.48,3.85,3.87,3.71
3.18,3.64,4.23,4.21
3.49,3.96,4.26,4.21
4.29,3.61,4.23,4.52
4.39,3.88,3.93,4.70
4.25,3.71,3.69,3.54
4.33,3.77,3.63,4.84
4.28,3.9,3.86,5.56
3.21,3.91,3.93,5.26
4.38,4.03,4.15,5.17
3.40,3.82,4.09,5.09
4.32,3.87,3.99,4.93
4.36,3.76,3.82,5.08
4.30,3.86,3.81,5.59
4.03,3.89,3.99,3.56
3.24,3.81,4.06,5.31
3.57,3.56,4.01,5.74
3.37,3.88,3.8,5.37
3.61,3.88,4.05,3.54
4.40,3.73,4.02,3.86
4.40,3.64,3.8,4.64
4.41,4.05,3.84,4.58
4.06,3.9,4.06,5.67
3.81,3.79,3.92,5.25
4.28,3.66,4.19,4.83
4.25,3.71,4.03,5.30
3.66,4.02,3.88,5.14
4.24,3.85,3.95,5.62
3.68,3.75,3.97,5.10
3.94,3.9,3.85,5.74
4.48,3.71,3.82,3.95
4.40,4.05,4.06,4.75
3.99,4.03,4.08,5.36
4.41,3.76,4.05,4.37
3.01,3.73,4.18,5.75
4.34,3.52,3.87,4.92
3.47,3.61,4.21,5.54
4.40,3.63,3.82,3.64
3.36,3.85,3.8,4.02
4.41,3.78,3.69,5.50
4.19,3.63,3.89,5.24
3.58,3.79,3.88,3.85
4.39,3.9,4.03,4.13
4.20,3.91,3.99,3.92
3.02,3.54,3.78,3.74
4.15,3.81,3.9,3.72
4.49,3.62,3.9,4.68
3.21,3.96,3.69,4.06
2.94,3.95,3.81,4.65
4.24,3.69,3.84,4.00
4.46,3.71,4.17,3.60
3.13,3.76,3.98,5.47
4.36,3.52,4.06,5.67
4.35,3.88,3.73,5.19
4.44,3.79,4.14,4.84
4.48,3.97,4.15,5.50
4.35,3.66,3.66,5.00
4.09,3.74,3.85,3.74
4.39,3.6,4.03,5.42
3.23,3.68,4.05,4.54
4.42,3.65,3.85,5.00
3.70,3.98,3.91,3.88
4.46,3.72,3.87,4.31
3.98,3.85,3.97,4.11
4.02,3.77,4.14,4.48
3.11,3.64,3.84,5.52
3.35,3.8,4.11,4.86
4.23,3.92,3.84,4.74
3.57,3.65,3.83,3.79
4.28,3.95,4.08,4.18
4.46,3.7,4.09,5.79
4.27,3.76,4.08,4.54
3.83,3.91,3.76,3.76
4.26,3.73,3.89,5.13
4.41,3.83,4.08,5.54
4.37,3.78,3.96,5.45
4.35,3.85,3.8,5.45
3.37,3.52,4.02,4.02
4.26,3.55,3.85,4.11
4.39,3.92,4.23,5.48
4.07,3.98,4.19,3.77
3.12,3.69,4.05,4.24
3.63,3.79,4.16,4.74
3.07,3.87,3.97,4.48
4.35,3.93,4.07,4.39
4.34,3.52,4.18,4.66
4.50,3.7,3.99,3.71
3.33,3.78,3.92,4.43
4.31,3.93,3.7,3.86
4.24,4.2,3.94,4.76
4.23,3.79,4.08,5.36
3.77,3.62,4.1,4.11
4.47,3.89,4.03,4.64
4.13,4.03,3.87,5.05
4.35,3.84,3.66,4.23
3.66,3.69,3.88,5.31
3.84,3.97,3.91,4.47
4.30,3.93,3.91,5.29
4.05,3.67,4.05,5.10
2.96,3.89,4.25,4.08
3.00,3.98,3.97,5.68
3.67,4.01,3.92,4.75
3.62,3.82,3.92,5.70
3.77,3.77,3.97,4.04
4.28,4.01,3.83,5.26
4.20,3.65,3.97,4.10
3.05,3.89,4.02,4.01
3.88,3.62,3.99,5.42
3.21,3.99,4.02,3.76
4.45,3.79,4.02,3.52
3.07,4.02,3.69,5.56
3.05,3.9,4.05,4.55
3.27,3.64,3.86,5.61
3.79,4.04,3.79,5.42
4.33,4.06,3.79,4.09
3.47,3.96,4.02,3.95
2.96,3.71,3.92,4.86
4.12,3.78,3.7,4.28
3.51,3.85,4.03,4.06
3.07,3.72,3.74,5.64
3.78,4.08,3.98,4.21
3.82,3.85,3.99,4.46
3.29,3.52,4.09,4.57
4.31,3.88,4.22,4.56
4.25,3.78,3.75,3.99
4.33,3.82,3.95,3.99
3.35,3.77,3.91,5.12
4.38,3.95,4.02,4.76
4.08,4,3.99,5.72
4.29,3.87,3.9,4.80
3.33,3.78,3.89,3.79
4.24,3.82,3.79,4.26
4.29,3.83,4.1,5.13
3.99,3.71,4.02,5.13
4.42,3.92,4.09,4.78
4.49,3.9,3.91,3.74
4.32,4.06,3.86,3.54
4.23,4.02,3.79,3.76
4.42,3.73,4.01,5.62
4.33,3.95,3.8,4.85
4.08,3.69,4.23,5.38
3.03,3.93,3.76,5.34
4.17,3.75,4,5.56
4.50,3.67,4.19,5.30
4.48,3.87,4.05,4.97
3.72,3.52,3.98,5.22
4.30,3.57,3.81,3.64
3.27,3.8,3.75,3.96
4.42,3.84,4.07,3.97
4.35,3.77,4.18,4.93
4.44,3.59,3.89,4.84
4.39,3.71,3.79,4.06
4.12,3.89,3.63,3.89
4.39,3.92,3.81,3.97
4.28,3.83,3.94,5.49
4.27,4,4.2,3.55
4.27,3.89,4.06,4.22
4.12,3.72,4,5.75
4.46,3.79,3.9,4.34
4.28,3.62,3.87,4.29
4.22,3.81,4.17,3.90
3.44,4,3.99,4.41
3.60,3.93,3.64,5.31
4.41,4.04,3.86,3.79
4.20,3.78,3.83,4.44
4.38,4.03,3.87,3.66
4.34,3.8,4.04,4.27
4.29,4.05,3.94,5.50
4.22,3.83,3.94,4.07
4.35,3.93,4.15,3.84
4.28,4.05,3.85,4.57
3.48,3.8,4.24,4.09
4.39,3.86,3.86,5.09
4.29,4.02,3.97,5.50
4.31,3.81,3.91,4.77
4.38,3.63,3.97,3.74
3.86,4.15,4.02,4.76
4.28,3.76,4.02,4.95
4.49,3.85,3.84,3.58
4.45,4,3.79,3.66
4.38,3.74,4.33,4.25
2.97,3.68,3.88,5.26
3.16,3.87,4.06,3.65
4.36,3.56,3.71,4.42
4.30,3.79,3.91,4.86
4.27,3.87,3.94,4.60
3.77,3.79,4.03,4.88
4.39,3.6,3.63,4.30
2.98,4.07,3.98,5.64
4.23,3.84,3.78,4.77
3.06,4.04,4,5.60
4.25,3.79,3.8,4.52
4.45,3.7,3.83,5.75
3.81,3.87,3.92,5.09
3.62,3.8,3.8,5.05
3.29,3.65,3.88,5.19
4.19,4.05,3.78,5.68
3.56,3.73,3.68,4.75
4.05,3.55,4.11,4.23
3.87,4.03,3.76,5.47
4.23,3.75,3.93,5.07
4.25,3.74,4.07,5.65
4.34,3.56,3.86,5.76
3.87,4.09,3.83,3.56
3.34,3.63,3.99,4.19
4.46,3.84,4.12,3.90
4.39,3.97,3.78,5.75
4.34,3.89,3.93,5.23
4.31,3.82,3.7,5.63
3.69,3.57,3.9,5.37
4.50,3.71,3.96,5.37
3.96,3.86,3.83,4.46
4.24,3.71,3.89,5.64
3.63,3.86,3.74,5.22
4.23,3.93,3.97,5.38
4.43,3.97,4.11,4.06
4.38,3.64,3.79,4.47
3.37,4.16,3.86,5.58
4.34,3.94,4.03,4.04
3.30,3.83,4.14,5.53
4.49,3.99,3.73,3.92
4.50,4.18,3.93,3.70
4.38,3.61,4,4.66
4.24,3.79,3.94,4.26
4.36,3.52,3.63,3.68
4.42,3.86,4.03,4.06
4.42,3.88,4.18,3.66
2.93,3.82,3.97,3.81
4.08,3.73,3.8,4.23
3.94,3.52,3.88,5.36
4.02,3.88,4.22,3.71
3.78,4.05,4.09,4.32
4.43,3.74,4.05,5.20
4.13,3.89,4.01,5.22
4.21,3.59,3.86,4.06
4.48,3.9,3.93,4.00
3.26,3.77,3.94,4.83
3.19,3.71,4.04,3.80
4.40,3.71,4.18,4.78
4.43,3.77,4.12,5.67
4.31,3.89,3.74,3.67
3.77,3.63,3.99,5.63
3.42,3.77,4.07,5.15
4.11,3.82,4.05,3.65
4.38,3.66,3.86,3.79
4.29,4.1,4.39,3.79
4.43,3.7,3.76,5.58
4.29,3.73,3.79,5.12
3.54,3.68,3.99,4.67
4.26,4.1,4.27,5.49
3.82,3.91,3.83,3.53
3.64,3.69,3.92,3.72
3.63,3.99,4.12,5.59
4.28,3.86,3.95,5.71
4.45,3.87,3.91,4.35
4.33,3.78,4.04,4.39
4.30,3.72,4,5.06
3.27,3.88,4.11,5.14
3.32,3.75,4.15,5.16
4.34,4.1,4,5.68
4.38,3.64,4,3.68
4.24,4.06,3.99,4.44
3.73,3.81,4.03,3.72
3.02,3.87,3.96,3.81
4.22,3.95,3.96,5.55
4.31,3.73,4.14,4.06
4.07,3.96,4.18,5.48
4.23,3.52,3.73,5.45
4.02,3.72,3.96,4.00
4.19,3.69,3.85,3.75
4.32,3.64,3.91,5.03
4.43,3.8,4.02,3.68
4.37,3.89,4.06,5.31
4.20,3.93,3.94,4.31
4.22,3.86,3.67,3.94
4.47,3.73,3.81,4.79
4.47,3.88,4.09,4.71
4.20,3.85,3.63,5.00
3.96,3.97,4.13,5.28
4.22,3.94,4.03,5.02
4.31,3.83,4.15,3.54
2.92,3.69,3.93,3.65
4.26,3.73,3.65,4.20
4.37,3.75,4.02,4.00
3.39,3.78,4.15,5.02
4.49,3.87,4.09,5.06
4.42,3.94,3.86,4.48
4.16,3.82,3.97,5.69
4.41,3.83,3.88,4.24
3.09,3.85,3.83,5.10
4.20,3.75,4.1,5.66
3.33,3.69,3.78,5.44
3.98,3.56,3.82,4.55
4.49,3.72,3.79,5.20
3.42,3.9,3.73,5.48
4.30,3.72,3.98,5.13
4.32,3.79,4.13,4.77
4.28,3.9,3.93,4.97
2.97,3.91,3.73,5.24
4.50,3.67,4.08,4.96
4.21,3.98,4.21,3.73
4.48,4,3.86,5.13
3.39,3.66,3.88,4.27
4.39,3.7,4.03,4.92
4.28,4.01,4.2,5.21
4.45,3.81,3.88,3.63
3.29,3.52,3.76,4.42
3.48,3.62,4.05,4.02
4.37,3.79,4.08,4.46
3.26,3.65,3.96,3.97
4.32,3.77,3.87,5.51
4.39,3.83,4.11,4.47
4.14,4.05,4.04,4.33
3.94,3.78,3.84,4.27
4.36,3.99,3.96,5.21
2.99,4.04,3.75,4.41
4.36,4.04,4.06,3.64
4.16,3.87,3.92,4.82
4.35,3.53,3.89,3.99
4.42,3.9,3.95,3.92
4.07,3.99,3.96,5.06
4.26,3.82,4.09,4.04
4.47,4.09,4.04,4.64
4.29,3.96,3.93,4.78
4.48,3.91,4.07,4.63
4.40,3.99,4.02,5.33
3.81,3.88,3.89,4.92
4.26,3.52,3.94,4.21
3.55,3.75,3.93,4.93
4.30,4.01,4.03,5.29
4.45,3.71,3.9,5.13
2.97,3.79,3.9,5.65
3.74,3.67,4.25,3.84
4.34,4.1,4.1,5.13
4.04,4.08,3.84,5.09
3.66,3.7,4.04,5.62
3.41,3.85,3.97,5.20
3.83,3.73,4.01,4.35
4.39,3.92,3.98,5.01
4.22,3.9,4.13,4.32
3.10,3.95,4.01,5.41
3.36,3.88,3.95,3.75
4.37,4.27,4.11,5.38
4.34,3.67,3.99,4.60
3.96,3.57,3.97,5.76
4.37,3.77,4,3.83
4.28,3.59,3.94,4.92
3.42,3.6,3.96,5.36
4.46,3.68,3.87,4.30
4.27,3.69,3.84,4.27
4.24,3.69,3.81,5.78
4.33,3.91,3.75,4.52
3.35,3.75,3.82,5.10
4.21,3.8,3.93,4.09
4.23,3.96,3.97,4.32
4.49,3.71,3.92,3.98
4.37,3.79,3.63,5.38
4.35,3.88,4.19,4.10
3.15,3.54,4.12,3.96
4.28,3.52,4.02,4.86
4.30,3.88,4.24,5.68
4.38,3.9,3.81,5.59
4.47,4.14,4.24,5.64
4.42,3.85,3.81,4.35
4.30,3.95,3.99,3.69
4.23,3.8,3.76,4.73
4.43,3.87,3.96,4.90
4.44,4.08,4.01,4.93
4.14,3.52,3.93,3.93
4.28,3.89,4.06,5.20
4.04,4.15,3.97,5.60
3.08,3.87,3.88,4.42
4.44,4.08,3.87,5.53
3.57,3.73,4.08,4.23
2.94,3.82,3.86,4.98
3.35,3.83,4.09,5.44
3.41,3.52,4.14,4.61
3.17,3.65,3.71,3.70
4.44,3.66,4.13,4.60
3.95,3.95,4.27,4.35
4.44,3.96,3.99,4.81
4.22,3.88,4.05,5.68
3.48,3.95,4.11,5.71
3.60,3.8,3.91,4.79
4.42,4.01,3.98,4.86
3.10,3.83,3.76,4.81
4.16,3.84,3.98,4.00
3.02,3.79,4.03,5.29
4.22,3.93,4.03,4.15
4.06,3.77,4.12,5.02
4.47,3.97,3.84,4.81
4.44,3.66,3.88,5.48
4.36,3.66,4.24,3.71
2.97,3.93,3.93,4.29
3.16,3.81,3.99,3.70
4.36,3.76,3.95,4.00
4.22,3.96,3.83,3.62
4.23,3.74,4.2,4.40
3.02,3.8,3.88,4.05
3.02,4.04,3.79,3.97
3.44,4.06,3.89,5.78
3.07,4.06,3.66,5.59
3.41,3.79,3.86,5.62
4.40,4.01,3.81,4.20
4.44,3.69,4.05,3.83
4.30,3.69,3.86,4.93
4.26,3.52,4.09,3.95
3.39,4.08,4.17,4.03
4.46,3.7,4.07,5.05
4.29,3.81,3.92,4.73
3.16,3.69,3.98,4.53
4.23,3.93,3.73,4.10
3.74,3.77,3.94,5.47
3.07,3.63,3.83,5.27
4.21,3.89,4.06,5.25
4.49,3.61,4.34,5.32
4.44,3.7,4.03,4.90
4.35,3.52,3.66,5.60
4.48,3.61,3.9,4.03
4.32,3.86,3.97,5.16
4.33,3.53,3.97,3.93
4.46,3.61,3.85,4.31
3.40,3.83,3.99,5.13
4.46,3.75,3.77,5.13
3.47,4.13,3.81,3.55
4.20,4.1,4.05,4.60
3.18,3.7,3.8,4.09
4.30,3.91,4.04,4.67
4.11,3.94,3.75,3.57
4.17,3.74,4.22,4.24
2.94,3.6,3.84,5.67
4.30,3.83,3.92,5.50
4.05,3.8,4.01,4.13
4.24,3.76,3.87,3.57
4.49,3.89,3.98,5.41
3.55,3.72,4.04,5.73
3.00,3.66,4.1,5.11
4.35,3.84,4.07,5.10
4.28,3.89,3.93,3.78
3.14,3.65,3.93,5.11
3.74,3.97,4.31,4.97
3.80,3.56,4.1,3.81
4.21,3.74,3.82,5.00
4.32,3.79,3.97,4.39
3.75,3.73,3.91,4.64
4.31,3.74,3.94,3.63
4.30,4.11,3.77,5.24
4.25,3.7,3.89,5.18
3.73,4.19,4.23,4.42
4.42,3.89,4.04,4.55
3.36,3.84,3.63,3.75
4.49,3.9,4.14,4.25
4.44,4.21,4.12,3.73
3.65,3.68,3.9,5.24
3.60,3.66,4.06,4.25
4.35,3.72,3.83,5.29
4.20,3.83,3.89,4.96
4.41,3.57,4.18,3.64
4.48,3.83,3.92,3.56
4.27,4.08,3.68,4.40
3.45,3.85,3.95,4.08
4.17,3.78,3.94,3.63
4.25,3.74,4.14,3.58
4.46,3.96,3.96,5.76
4.26,3.7,3.89,4.91
4.39,4.11,4.11,5.18
3.56,4.12,3.97,5.03
3.63,3.87,3.84,4.54
4.49,3.83,4.13,4.34
4.39,3.98,3.99,4.90
3.12,3.99,3.96,4.43
4.27,3.71,3.98,3.56
4.42,3.75,3.8,4.76
3.36,3.63,3.88,4.79
4.23,3.89,3.96,5.57
4.39,3.93,3.93,3.56
3.91,3.63,4.15,3.65
3.67,3.76,3.99,4.01
4.46,3.63,4.08,4.99
4.41,3.69,3.96,3.59
3.56,3.91,4.11,4.49
3.40,3.72,4.02,4.92
4.21,3.78,3.96,4.98
3.66,3.58,3.95,4.11
3.52,3.86,3.81,4.33
3.17,3.82,4.03,5.69
4.44,3.72,3.95,4.92
4.38,3.8,3.88,5.62
4.32,3.86,4.12,3.97
4.35,3.71,3.77,5.04
3.62,3.61,3.89,5.28
3.88,4.1,4.11,4.87
3.15,3.73,4,3.95
4.26,3.81,3.95,3.74
4.26,3.98,3.99,3.66
4.33,4.36,3.98,4.70
4.44,3.64,3.73,4.63
4.34,3.9,3.9,5.45
4.21,3.72,4.2,4.96
4.36,3.75,3.86,5.10
3.13,3.72,3.91,4.14
2.99,3.66,3.87,3.81
3.58,3.82,3.94,4.24
3.19,3.61,3.87,5.30
4.01,3.97,4.03,5.49
4.34,3.84,3.99,5.46
4.33,3.89,4.07,4.43
4.39,3.76,3.8,4.97
4.36,3.77,3.91,3.80
3.07,3.87,3.92,4.22
4.04,3.65,4.02,5.73
4.31,3.77,3.84,5.02
2.97,3.7,4.09,5.59
4.31,3.69,4.13,5.31
3.54,3.52,3.81,4.52
4.05,4.03,3.88,5.73
4.45,3.73,3.88,3.63
4.48,4,4.35,3.92
4.46,3.99,3.89,3.85
3.11,3.64,4.21,5.62
3.22,3.67,3.77,5.45
4.29,4.21,3.81,4.23
4.32,4.09,3.85,5.55
3.21,3.82,3.83,4.55
4.31,3.87,3.92,4.80
4.21,3.73,3.85,3.77
3.91,3.89,3.83,4.20
4.47,3.72,4.13,5.68
3.92,3.52,4.14,4.37
4.49,3.63,4.1,4.81
3.07,3.83,4.03,4.90
3.88,3.66,3.97,5.28
4.41,3.82,3.88,4.70
3.13,3.67,3.81,5.19
2.94,3.71,4.01,3.86
4.46,3.96,3.78,5.31
4.39,3.87,3.81,5.02
4.31,3.83,4.13,5.47
4.02,3.96,4.24,3.80
4.25,3.9,4.02,5.17
4.32,4.05,4.12,4.03
3.80,3.76,3.92,5.12
4.49,3.76,3.76,3.86
4.26,3.63,4.05,3.71
3.92,3.76,4.04,4.11
4.46,3.97,3.97,4.68
3.94,4.02,3.92,5.36
4.01,3.97,4.1,4.12
4.41,3.56,3.81,4.21
4.40,3.99,3.84,4.43
3.60,3.55,3.8,4.51
3.71,3.96,3.97,5.15
3.99,3.77,3.79,5.78
4.35,3.93,3.85,4.16
3.90,3.63,3.85,5.75
4.10,4,3.92,3.75
4.07,3.61,3.73,4.57
4.31,3.73,3.97,3.61
4.35,3.68,4.14,3.73
3.35,3.57,3.98,5.22
4.30,3.84,4.19,3.56
3.93,4.1,4.16,4.65
3.76,4.23,4.07,5.42
3.27,3.84,3.97,5.22
4.45,4,3.96,5.54
4.38,3.86,4.07,5.19
4.27,3.9,3.9,3.69
4.39,3.78,3.67,3.50
3.57,3.86,4.03,5.60
3.90,3.91,3.79,5.14
3.81,3.74,3.81,5.76
3.25,3.82,3.96,5.37
4.47,3.82,3.94,4.97
4.33,3.95,3.74,4.93
4.43,3.67,3.98,3.51
4.36,3.82,4.1,5.09
4.20,4.12,3.79,3.78
4.45,4,4.15,4.18
3.10,4.03,3.72,4.30
3.85,3.83,4.27,5.63
4.26,3.88,3.89,5.73
3.19,3.98,3.98,3.70
4.26,4.06,3.67,4.96
4.49,3.54,3.95,5.48
4.40,3.63,3.99,4.97
4.43,4.02,3.94,4.56
3.06,3.79,3.87,4.30
4.15,3.73,3.81,4.18
4.49,3.64,4.13,3.73
4.47,3.75,3.96,5.25
4.34,3.62,4.19,5.77
4.23,4.14,3.88,5.60
4.32,3.82,3.89,4.36
3.78,3.82,4.08,4.76
4.31,3.92,3.71,4.73
4.33,3.97,3.77,4.73
4.35,3.97,4.12,4.88
4.24,3.99,3.78,5.22
3.58,3.73,3.68,3.69
3.33,3.78,4.24,4.11
4.41,3.94,3.75,4.54
4.29,3.75,3.98,4.44
3.37,3.83,3.97,5.16
4.24,3.89,3.63,4.77
3.96,3.95,3.92,3.92
3.65,3.56,4.02,5.12
4.37,3.94,4.01,5.68
4.30,3.79,4.09,4.63
2.97,3.93,3.9,3.69
4.30,3.94,4.06,3.56
4.34,4.07,3.85,4.12
4.17,4.03,3.74,5.48
4.29,4.03,3.76,5.30
4.45,4.04,3.74,4.76
4.33,3.87,4.11,5.66
4.31,3.83,3.73,3.54
4.32,3.96,4,4.30
4.29,3.94,3.92,5.46
4.28,3.78,3.94,5.06
3.15,3.89,4.16,3.52
4.42,3.82,3.89,4.03
4.39,3.7,4.05,4.19
3.91,4.02,3.96,5.77
4.08,3.84,3.93,5.46
4.47,4.14,4.3,4.29
4.47,3.58,3.74,5.36
3.90,3.74,4.15,4.19
4.41,3.83,4.05,5.18
4.33,4,3.88,5.78
4.39,3.89,4.2,4.83
4.49,3.87,3.68,5.40
3.45,3.66,3.88,3.96
2.95,3.65,3.77,4.59
3.32,3.88,4.02,4.52
4.10,3.62,3.79,5.70
2.95,3.75,4.02,3.70
4.36,3.9,3.93,5.27
3.98,3.68,3.88,5.31
4.29,4.07,4.01,5.18
4.42,4.01,3.92,5.30
4.30,3.59,3.79,4.71
4.28,3.69,4.38,5.14
2.96,3.52,3.88,3.65
4.35,3.71,3.63,3.53
2.92,3.94,3.83,4.76
3.77,3.77,3.77,4.62
4.08,3.9,4.08,4.43
4.20,3.6,4,5.05
2.97,3.95,4.02,5.41
4.25,3.75,3.9,5.23
3.59,3.83,3.91,4.18
4.22,3.81,3.9,4.49
4.41,3.64,3.94,4.29
3.76,3.66,4.08,4.16
4.44,3.97,4.01,5.52
3.96,3.89,4.03,4.93
4.26,3.99,4.03,4.23
4.27,3.88,4.09,5.74
3.32,3.85,4,3.75
3.40,3.57,4.01,4.54
4.08,3.79,4.13,4.46
3.50,3.82,3.86,4.28
4.25,4.12,3.83,4.59
4.39,3.93,3.78,3.79
3.94,4.06,3.98,4.84
3.92,3.92,3.68,5.09
4.21,3.72,4.03,5.75
4.46,3.85,3.94,3.94
4.23,3.86,4.13,5.24
3.76,3.69,3.86,4.58
4.34,3.77,3.93,4.54
4.26,3.8,4.12,4.59
3.50,4.07,4.16,4.68
4.21,3.52,3.85,4.43
3.45,4.01,3.98,4.09
3.52,3.69,4,3.72
4.28,3.62,4.01,5.34
3.09,4.01,3.92,5.12
3.61,3.94,4.15,3.91
