LORA Idle (w),LORA Normal 1 node (w),LORA Normal 2 node (w),LORA Busy (w),
1.1,1.22,1.58,1.93,
1.38,1.4,1.25,1.17,
1.09,1.45,1.45,1.29,
1.16,1.69,1.71,1.39,
1.38,1.82,1.85,1.4,
1.91,1.34,1.76,1.3,
1.26,1.73,1.26,1.94,
1.41,1.48,1.68,1.7,
1.37,1.21,1.18,1.88,
1.09,1.79,1.73,1.43,
1.12,1.5,1.84,1.31,
1.02,1.76,1.5,1.11,
1.07,1.33,1.4,1.22,
1.88,1.27,1.54,1.32,
0.99,1.81,1.73,1.42,
1.06,1.77,1.36,1.32,
1.32,1.27,1.45,1.11,
1.28,1.59,1.73,1.55,
1.34,1.23,1.79,1.95,
1.14,1.69,1.27,1.89,
1.86,1.88,1.44,1.76,
1.3,1.13,1.76,2.03,
2.04,1.63,1.42,1.67,
1.32,1.32,1.49,1.82,
1.77,1.8,1.7,1.85,
1.42,1.57,1.85,1.94,
1.35,1.66,1.63,1.62,
1.29,1.29,1.18,1.85,
1.07,1.3,1.44,1.48,
1.08,1.39,1.08,1.7,
1.84,1.65,1.3,1.42,
0.95,1.51,1.7,1.63,
1.05,1.73,1.71,1.46,
1.12,1.22,1.63,1.21,
1.22,1.54,1.64,1.33,
1.33,1.64,1.79,1.45,
1.01,1.77,1.86,1.12,
1.03,1.33,1.66,1.5,
1.37,1.57,1.9,1.22,
1.1,1.24,1.68,1.42,
1.14,1.72,1.66,1.18,
1.32,1.37,1.76,1.15,
1.23,1.39,1.84,1.47,
1.02,1.69,1.63,1.2,
1.09,1.43,1.81,1.19,
1.29,1.24,1.64,1.52,
1.11,1.74,1.66,1.44,
1.06,1.45,1.82,1.17,
1.05,1.37,1.71,1.21,
1.91,1.43,1.48,1.41,
1.38,1.4,1.38,1.39,
1.31,1.52,1.27,1.3,
1.36,1.56,1.77,1.08,
1.14,1.36,1.67,1.21,
1.27,1.73,1.58,1.51,
1.36,1.53,1.24,1.24,
1.05,1.27,1.51,1.49,
1.04,1.81,1.85,1.2,
1.2,1.59,1.8,1.45,
1.11,1.36,1.29,1.2,
1.38,1.52,1.67,1.27,
1.73,1.59,1.63,1.4,
1.43,1.65,1.57,1.31,
1.22,1.76,1.3,1.49,
1.7,1.21,1.2,1.17,
1.93,1.5,1.17,1.52,
1.85,1.67,1.6,1.86,
1.13,1.88,1.56,1.4,
1.64,1.85,1.62,1.13,
1.29,1.39,1.32,1.24,
1.68,1.82,1.86,1.39,
1.49,1.27,1.77,1.49,
1.97,1.77,1.25,1.8,
1.35,1.09,1.31,1.38,
1.62,1.38,1.88,1.16,
1.93,1.18,1.59,1.41,
1.87,1.41,1.24,1.17,
1.29,1.47,1.54,1.28,
1.56,1.72,1.68,1.42,
2.02,1.65,1.88,1.33,
1.31,1.42,1.79,1.43,
1.23,1.74,1.83,1.42,
1.68,1.63,1.58,1.48,
1.99,1.36,1.75,1.39,
1.1,1.23,1.53,1.19,
1.78,1.46,1.52,1.44,
1.3,1.70,1.66,1.11,
1.4,1.25,1.56,1.18,
1.72,1.86,1.42,1.14,
1.76,1.54,1.69,1.47,
1.41,1.47,1.13,1.32,
1.42,1.75,1.65,1.46,
2.02,1.25,1.66,1.27,
1.98,1.29,1.79,1.39,
1.89,1.11,1.74,1.46,
1.69,1.70,1.89,1.6,
1.13,1.29,1.7,1.76,
1.64,1.38,1.65,1.65,
1.81,1.21,1.89,1.6,
1.07,1.70,1.12,1.48,
1.91,1.19,1.57,1.69,
1.25,1.38,1.17,1.5,
1.13,1.28,1.26,1.93,
1.75,1.39,1.51,2,
1.89,1.67,1.74,1.44,
1.23,1.72,1.18,1.83,
1.74,1.70,1.14,1.58,
2.03,1.59,1.24,1.62,
1.28,1.61,1.82,1.96,
1.97,1.32,1.84,1.15,
1.33,1.39,1.08,1.16,
1.42,1.68,1.69,1.1,
1.12,1.56,1.41,1.87,
1.19,1.20,1.67,1.82,
1.97,1.60,1.25,1.91,
1.5,1.73,1.21,2.01,
1.73,1.49,1.36,1.84,
1.93,1.74,1.67,1.52,
1.69,1.44,1.3,1.82,
1.38,1.64,1.9,1.19,
1.63,1.59,1.27,1.69,
1.11,1.60,1.6,1.22,
1.69,1.72,1.33,1.98,
1.38,1.17,1.62,1.58,
1.36,1.18,1.45,1.47,
1.13,1.42,1.6,1.33,
1.67,1.58,1.65,1.82,
1.59,1.23,1.63,1.51,
1.23,1.71,1.08,1.62,
1.71,1.82,1.16,1.1,
1.82,1.11,1.14,1.67,
1.5,1.72,1.53,1.66,
1.27,1.55,1.52,1.67,
1.05,1.23,1.68,1.98,
1.1,1.43,1.31,1.73,
1.03,1.51,1.27,1.42,
1.88,1.68,1.18,1.5,
1.88,1.53,1.42,1.74,
1.93,1.17,1.49,1.14,
1.32,1.77,1.48,1.71,
1.68,1.75,1.55,1.72,
1.57,1.82,1.53,1.28,
1.05,1.63,1.44,1.2,
1.07,1.33,1.26,1.38,
1.46,1.60,1.85,1.43,
2.03,1.41,1.61,1.62,
1.32,1.20,1.28,1.5,
1.05,1.51,1.25,2.02,
1.46,1.52,1.83,1.18,
1.92,1.37,1.74,1.28,
1.16,1.77,1.58,1.23,
1.82,1.65,1.62,1.7,
1.14,1.44,1.9,1.32,
1.13,1.34,1.24,1.52,
1.11,1.55,1.25,1.31,
1.36,1.46,1.5,1.23,
1.96,1.20,1.89,1.18,
1.68,1.35,1.08,1.7,
1.19,1.42,1.12,1.21,
1.04,1.42,1.1,1.27,
1.74,1.34,1.26,1.43,
1.96,1.75,1.09,1.86,
1.24,1.79,1.23,1.17,
1.41,1.48,1.68,1.88,
1.52,1.41,1.56,1.17,
1.96,1.28,1.53,2.01,
1.52,1.69,1.32,1.53,
1.13,1.45,1.4,2.01,
1.78,1.40,1.71,1.65,
1.05,1.79,1.18,1.78,
1.37,1.41,1.61,1.12,
1.03,1.68,1.6,1.35,
1.18,1.80,1.63,1.19,
1,1.28,1.21,1.36,
1.17,1.27,1.45,1.19,
1.32,1.54,1.73,1.38,
1.41,1.61,1.85,1.47,
1.85,1.75,1.14,1.14,
1.4,1.73,1.54,1.74,
1.49,1.31,1.34,1.62,
1.68,1.88,1.81,1.33,
1.84,1.35,1.3,1.58,
1.25,1.86,1.18,1.17,
2.03,1.12,1.54,1.63,
1.25,1.67,1.25,1.96,
1.14,1.58,1.11,1.38,
1.7,1.72,1.54,1.71,
1.43,1.34,1.83,1.21,
1.49,1.63,1.69,1.76,
0.95,1.34,1.16,1.35,
1.44,1.56,1.58,1.25,
2.03,1.49,1.29,1.64,
1.2,1.11,1.89,1.1,
1.06,1.34,1.19,1.87,
1.84,1.62,1.44,1.08,
1.24,1.41,1.35,1.72,
1.13,1.26,1.46,1.34,
1,1.32,1.27,1.78,
1.35,1.30,1.32,1.99,
1.03,1.68,1.73,1.32,
1.53,1.38,1.83,1.63,
1.51,1.72,1.65,1.64,
1.91,1.45,1.86,1.62,
1.96,1.65,1.61,1.29,
1.71,1.48,1.69,1.99,
1.79,1.30,1.57,1.5,
1.59,1.19,1.85,1.88,
1.68,1.24,1.19,1.74,
2.02,1.26,1.68,1.36,
1.42,1.54,1.38,1.85,
1.08,1.63,1.65,1.46,
2.03,1.18,1.9,1.92,
1.7,1.83,1.29,1.63,
1.25,1.71,1.56,1.92,
1.3,1.42,1.34,1.74,
1.42,1.64,1.16,1.77,
1.34,1.59,1.88,1.56,
1.47,1.19,1.6,1.99,
0.97,1.50,1.71,1.69,
1.7,1.59,1.16,1.48,
1.49,1.55,1.55,1.66,
1.07,1.17,1.24,1.1,
1.48,1.30,1.22,1.37,
1.95,1.09,1.74,1.71,
1.87,1.56,1.46,1.36,
1.51,1.28,1.57,1.67,
1.27,1.69,1.12,1.49,
1.4,1.26,1.44,1.21,
1.9,1.56,1.42,1.36,
1.28,1.53,1.52,1.62,
0.95,1.46,1.42,1.64,
1.57,1.26,1.73,1.63,
1.6,1.23,1.27,1.7,
1.54,1.64,1.83,1.7,
2.04,1.34,1.16,1.49,
1.2,1.39,1.42,1.93,
1.37,1.29,1.74,1.43,
1.59,1.84,1.54,1.49,
1.5,1.83,1.15,1.93,
1.8,1.16,1.71,1.85,
1.1,1.15,1.27,1.75,
1.31,1.15,1.75,1.18,
1.22,1.35,1.46,1.95,
1.72,1.18,1.28,1.76,
1.91,1.50,1.42,2.03,
1.35,1.39,1.21,1.22,
0.98,1.11,1.19,1.9,
1.76,1.56,1.72,1.23,
1.68,1.38,1.32,1.66,
1.53,1.26,1.68,1.2,
1.93,1.50,1.31,1.89,
1.8,1.15,1.39,1.85,
1.81,1.86,1.26,1.62,
1.11,1.67,1.41,1.47,
1.13,1.17,1.12,1.15,
1.9,1.72,1.09,1.74,
1.42,1.34,1.79,1.51,
1.38,1.17,1.48,1.77,
2.01,1.83,1.37,1.9,
1.43,1.80,1.36,2.01,
2.01,1.44,1.17,1.89,
1.09,1.35,1.79,1.09,
0.96,1.44,1.49,1.42,
1.82,1.66,1.2,1.77,
1.71,1.65,1.86,1.24,
1.76,1.57,1.13,1.57,
1.91,1.86,1.11,1.13,
1.44,1.87,1.65,1.27,
1.92,1.61,1.53,1.1,
1.55,1.77,1.27,1.83,
1.83,1.64,1.74,1.29,
1.36,1.54,1.85,1.41,
1.41,1.68,1.54,1.96,
1.65,1.42,1.29,1.75,
0.99,1.11,1.82,1.11,
1.54,1.84,1.25,1.24,
1.31,1.16,1.7,1.67,
1.52,1.40,1.77,1.63,
1.14,1.28,1.89,1.31,
1.26,1.20,1.35,1.97,
1.51,1.81,1.66,1.66,
1.87,1.11,1.54,1.59,
1.12,1.19,1.85,1.64,
0.98,1.59,1.12,1.77,
1.03,1.64,1.9,1.38,
1.97,1.58,1.11,1.46,
1.36,1.15,1.61,1.28,
1.59,1.69,1.7,1.26,
1.36,1.87,1.1,1.98,
0.95,1.25,1.53,1.78,
1.59,1.77,1.89,1.55,
1.96,1.24,1.61,1.3,
1.21,1.36,1.5,1.32,
1.61,1.15,1.85,1.14,
1.96,1.80,1.65,1.49,
1.41,1.44,1.6,1.38,
1.15,1.35,1.35,1.74,
1.8,1.78,1.73,1.44,
1.42,1.85,1.62,1.25,
1.24,1.19,1.42,1.1,
1.99,1.34,1.9,1.14,
1.43,1.31,1.36,1.73,
1.5,1.46,1.61,1.51,
1.69,1.28,1.38,1.59,
1.4,1.34,1.48,1.93,
1.4,1.68,1.33,2.02,
1.87,1.74,1.35,1.29,
1.35,1.37,1.31,1.71,
1.75,1.32,1.7,1.33,
1.38,1.60,1.22,1.1,
1.76,1.63,1.83,1.8,
1.23,1.75,1.37,1.38,
1.68,1.85,1.3,1.44,
1.55,1.13,1.64,1.64,
1.58,1.40,1.65,1.87,
1.1,1.68,1.87,1.68,
1.81,1.27,1.15,1.91,
1.57,1.52,1.18,1.34,
1.01,1.53,1.48,1.84,
1.26,1.74,1.4,1.26,
1.44,1.20,1.61,1.99,
1.79,1.48,1.15,1.73,
1.61,1.48,1.82,1.28,
1.77,1.40,1.6,1.98,
1.17,1.27,1.68,1.77,
1.7,1.84,1.52,1.32,
1.26,1.24,1.41,1.28,
2.04,1.14,1.31,1.57,
1.31,1.76,1.41,1.1,
1.01,1.11,1.65,1.28,
1.46,1.27,1.11,1.48,
1.42,1.27,1.53,1.44,
1.63,1.47,1.46,1.52,
1.7,1.13,1.58,1.34,
1.76,1.48,1.83,1.64,
2.01,1.41,1.67,1.9,
1.84,1.44,1.15,1.19,
1.11,1.59,1.67,1.57,
1.72,1.23,1.41,1.21,
0.97,1.84,1.22,1.76,
1.23,1.47,1.83,1.46,
1.67,1.24,1.39,1.62,
1.14,1.64,1.46,1.25,
1.67,1.17,1.7,1.22,
1.35,1.18,1.48,1.54,
1.25,1.69,1.18,1.42,
1.73,1.71,1.35,1.97,
1.2,1.23,1.41,1.81,
1.56,1.18,1.13,1.79,
1.03,1.14,1.86,1.94,
1.35,1.60,1.51,1.16,
1.4,1.42,1.2,1.6,
1.79,1.11,1.87,1.64,
1.18,1.36,1.29,1.99,
1.55,1.64,1.57,1.36,
1.44,1.75,1.14,1.31,
1.62,1.73,1.28,1.18,
1.37,1.53,1.87,1.1,
1.98,1.64,1.12,1.96,
1.33,1.47,1.73,1.72,
0.97,1.75,1.8,1.83,
1.58,1.76,1.08,1.35,
1.8,1.77,1.58,1.64,
1.98,1.78,1.42,1.14,
1.5,1.24,1.43,1.54,
1.63,1.58,1.63,2.01,
1.8,1.23,1.89,1.91,
1.78,1.49,1.72,1.4,
1.78,1.84,1.75,1.99,
1.81,1.54,1.17,1.3,
1.46,1.24,1.43,1.98,
1.88,1.73,1.62,1.97,
1.15,1.68,1.23,1.84,
1.01,1.81,1.86,1.68,
1.46,1.35,1.51,1.91,
1.51,1.34,1.64,1.36,
1.37,1.73,1.09,1.89,
1.13,1.39,1.26,1.67,
1.75,1.73,1.22,1.09,
1.34,1.60,1.66,1.41,
1.27,1.56,1.42,1.22,
1.79,1.29,1.57,2.01,
1.7,1.13,1.44,1.53,
1.19,1.73,1.68,1.55,
1.66,1.79,1.71,1.69,
1.5,1.28,1.78,1.43,
1.01,1.42,1.85,1.21,
1.87,1.17,1.77,1.86,
1.58,1.70,1.29,1.26,
1.34,1.21,1.84,1.57,
1.32,1.14,1.88,1.29,
1.91,1.67,1.13,1.17,
1.82,1.62,1.1,1.9,
1.07,1.24,1.35,2,
1.2,1.42,1.63,1.99,
1.79,1.26,1.79,1.94,
1.7,1.65,1.16,1.82,
1.44,1.13,1.15,1.4,
1.99,1.43,1.85,1.16,
1.3,1.21,1.56,1.47,
0.97,1.72,1.34,1.3,
1.4,1.36,1.75,1.21,
1.9,1.82,1.68,1.13,
1.25,1.53,1.63,1.77,
1,1.38,1.53,1.09,
1.72,1.26,1.18,1.81,
1.31,1.80,1.74,1.22,
1.04,1.51,1.49,1.16,
2.01,1.28,1.3,1.17,
1.23,1.86,1.59,1.72,
1.27,1.65,1.67,1.31,
1.13,1.42,1.45,1.48,
1.73,1.76,1.76,1.61,
1.12,1.20,1.13,1.9,
1.66,1.22,1.22,1.77,
0.98,1.59,1.16,1.34,
1.41,1.38,1.9,1.2,
1.23,1.76,1.78,1.13,
1.84,1.72,1.57,1.37,
0.97,1.47,1.43,1.33,
1.64,1.38,1.9,1.51,
1.48,1.19,1.5,1.73,
1.56,1.69,1.44,1.74,
1.32,1.65,1.58,1.35,
1.58,1.44,1.12,1.44,
0.96,1.39,1.43,1.25,
2.03,1.30,1.47,1.83,
1.47,1.36,1.45,1.13,
1.41,1.88,1.43,1.74,
1.81,1.43,1.12,1.82,
1.55,1.83,1.83,1.82,
1.16,1.80,1.75,1.33,
1.74,1.51,1.54,1.44,
1.94,1.37,1.7,1.64,
1.4,1.53,1.51,1.34,
2.03,1.52,1.88,1.43,
1.09,1.22,1.35,1.27,
1.26,1.29,1.5,1.52,
1.57,1.58,1.66,1.12,
1.09,1.33,1.29,1.84,
1.03,1.30,1.54,1.15,
1.59,1.27,1.33,1.57,
1.93,1.47,1.66,1.37,
1.34,1.85,1.41,1.63,
0.99,1.85,1.52,1.99,
1.21,1.40,1.1,1.69,
1.34,1.55,1.28,1.11,
1.7,1.81,1.59,1.49,
1.38,1.52,1.25,1.56,
1.77,1.34,1.37,1.59,
1.05,1.31,1.82,1.73,
1.59,1.37,1.47,1.34,
1.2,1.32,1.36,1.2,
1.4,1.80,1.85,1.45,
1,1.48,1.29,1.99,
1.01,1.67,1.34,1.26,
1.49,1.56,1.72,1.94,
1.86,1.34,1.4,1.6,
1.82,1.81,1.6,1.51,
1.04,1.59,1.3,1.92,
1.7,1.56,1.19,1.52,
1.07,1.48,1.15,1.77,
1.36,1.60,1.89,1.46,
1.33,1.55,1.85,1.94,
1.06,1.68,1.5,1.74,
1.01,1.38,1.46,1.74,
1.17,1.81,1.62,1.39,
1.36,1.46,1.4,1.8,
1.87,1.77,1.28,1.68,
1.87,1.22,1.36,1.31,
1.87,1.54,1.75,1.23,
0.98,1.30,1.69,1.84,
1.48,1.79,1.4,1.99,
0.98,1.32,1.42,1.52,
1.35,1.64,1.75,1.64,
1.46,1.85,1.37,1.89,
1.22,1.20,1.57,1.51,
1.11,1.47,1.1,1.98,
1.26,1.17,1.88,1.63,
1.26,1.45,1.78,1.86,
1.58,1.52,1.6,1.94,
1.83,1.18,1.59,1.85,
1.11,1.73,1.17,1.23,
1.24,1.82,1.58,1.68,
1.08,1.58,1.81,1.46,
1.9,1.21,1.25,1.14,
1.62,1.09,1.64,1.48,
1.65,1.35,1.68,1.33,
1.1,1.32,1.69,1.89,
1.21,1.72,1.56,1.11,
0.98,1.76,1.77,1.99,
2.02,1.11,1.34,1.42,
1.87,1.83,1.76,1.42,
1.72,1.19,1.57,1.1,
1.21,1.72,1.19,1.26,
1.21,1.77,1.38,1.46,
1.64,1.67,1.88,1.96,
1.07,1.86,1.2,1.17,
1.05,1.30,1.29,1.98,
1.4,1.12,1.34,1.91,
1.81,1.29,1.48,1.51,
1.46,1.62,1.8,1.39,
1.15,1.80,1.17,1.3,
1.63,1.53,1.89,1.66,
1.1,1.70,1.49,1.11,
1.74,1.44,1.35,1.09,
1.85,1.55,1.49,1.49,
0.97,1.77,1.25,1.14,
1.91,1.59,1.19,1.32,
1.88,1.79,1.26,1.29,
1.62,1.74,1.8,1.32,
1.02,1.25,1.42,1.2,
1.6,1.16,1.51,1.09,
1.22,1.33,1.29,1.19,
1.82,1.36,1.79,1.67,
1.42,1.36,1.6,2.01,
1.79,1.48,1.27,2.02,
1.62,1.84,1.52,1.47,
1.51,1.22,1.54,1.23,
1,1.60,1.49,1.69,
1.68,1.66,1.48,1.55,
1.68,1.51,1.75,2.02,
1.4,1.32,1.63,1.14,
1.69,1.49,1.84,1.82,
1.76,1.32,1.45,1.35,
1.98,1.09,1.23,1.31,
2,1.65,1.19,1.71,
1.16,1.42,1.6,1.31,
1.48,1.76,1.31,1.71,
1.78,1.45,1.79,1.57,
1.82,1.44,1.38,1.48,
1.67,1.59,1.74,1.61,
1.51,1.44,1.79,1.35,
2,1.18,1.84,1.75,
1.75,1.30,1.27,1.47,
1.52,1.23,1.34,1.42,
0.96,1.11,1.78,1.87,
1.87,1.86,1.41,1.96,
1.4,1.09,1.27,1.12,
1.55,1.31,1.87,1.3,
1.09,1.40,1.83,1.41,
1.56,1.38,1.19,1.85,
1.46,1.31,1.39,2.02,
1.7,1.17,1.29,2,
1.48,1.19,1.79,1.94,
1.92,1.43,1.74,1.36,
1.76,1.86,1.41,2.02,
0.97,1.31,1.64,1.32,
1.79,1.09,1.5,1.18,
1.32,1.83,1.86,1.98,
1.48,1.15,1.32,1.3,
1.3,1.43,1.6,1.74,
1.41,1.49,1.34,1.14,
1.32,1.37,1.87,1.77,
1.5,1.86,1.43,1.92,
2.03,1.79,1.13,1.34,
1.35,1.20,1.08,1.44,
1.44,1.12,1.69,1.44,
1.65,1.56,1.71,1.79,
1.47,1.11,1.81,1.31,
1.46,1.24,1.9,1.24,
1.2,1.53,1.81,1.51,
1.81,1.23,1.5,1.37,
1.15,1.48,1.64,1.88,
1.96,1.38,1.31,1.31,
1.44,1.69,1.63,1.56,
1.99,1.73,1.3,1.98,
1.4,1.10,1.52,1.68,
1.19,1.40,1.52,1.9,
2,1.75,1.33,1.97,
1.74,1.19,1.44,1.79,
1.5,1.49,1.86,1.74,
0.96,1.13,1.47,2,
1.57,1.18,1.12,2.02,
1.7,1.71,1.55,1.51,
1.17,1.77,1.77,1.15,
1.69,1.67,1.72,1.36,
1.95,1.18,1.6,1.22,
1.83,1.34,1.2,1.48,
1.22,1.13,1.17,1.2,
1.13,1.64,1.16,1.65,
1.2,1.46,1.46,1.44,
2,1.37,1.37,1.93,
1.44,1.82,1.48,2,
1.59,1.28,1.72,1.6,
1.93,1.83,1.66,1.34,
1.71,1.33,1.58,1.64,
1.39,1.67,1.16,1.93,
1.59,1.84,1.42,1.47,
1.47,1.47,1.7,1.6,
1.9,1.88,1.31,1.34,
1.03,1.38,1.35,1.51,
1.69,1.20,1.16,1.46,
1,1.48,1.4,1.32,
1.38,1.21,1.35,1.56,
1.28,1.65,1.68,1.37,
1.86,1.23,1.58,1.43,
1.84,1.53,1.78,1.58,
1.54,1.14,1.15,1.79,
1.76,1.78,1.72,1.4,
1.7,1.48,1.85,1.96,
1.5,1.35,1.78,1.9,
1.21,1.49,1.1,1.13,
1.69,1.38,1.21,1.32,
1.35,1.39,1.33,1.5,
1.4,1.50,1.89,1.18,
1.63,1.76,1.25,1.41,
1.76,1.73,1.79,1.78,
1.55,1.44,1.51,1.73,
2.01,1.31,1.64,1.67,
1.31,1.41,1.15,1.76,
1.53,1.55,1.54,1.27,
2.04,1.12,1.61,1.4,
1.74,1.57,1.71,1.72,
1.67,1.86,1.41,1.92,
1.69,1.23,1.38,1.6,
1.26,1.65,1.26,1.35,
1.31,1.27,1.15,1.11,
1.98,1.86,1.85,1.75,
1.61,1.81,1.67,1.09,
1.12,1.15,1.54,1.43,
1.03,1.61,1.72,1.58,
1.24,1.55,1.7,1.96,
1.08,1.51,1.41,1.17,
1.83,1.84,1.32,1.47,
1.13,1.16,1.39,1.1,
1.24,1.46,1.61,1.41,
1.25,1.80,1.34,1.67,
1.56,1.14,1.26,1.35,
0.99,1.73,1.16,1.28,
0.96,1.79,1.26,1.19,
1.25,1.48,1.75,1.63,
1.6,1.09,1.88,1.74,
1.56,1.77,1.79,1.72,
1.89,1.37,1.7,1.98,
1.35,1.57,1.41,1.08,
1.67,1.41,1.82,1.69,
2.03,1.14,1.5,1.65,
1.05,1.59,1.83,1.64,
2.01,1.34,1.55,1.99,
1.01,1.54,1.82,1.1,
1.31,1.15,1.4,1.74,
1.85,1.41,1.21,1.85,
1.93,1.76,1.85,1.56,
1.43,1.35,1.83,1.4,
1.74,1.30,1.26,1.83,
1.24,1.76,1.21,1.17,
1.97,1.87,1.5,1.5,
1.76,1.66,1.45,1.57,
1.98,1.27,1.23,1.74,
1.76,1.73,1.41,1.17,
1.39,1.10,1.66,1.3,
1.77,1.63,1.44,1.47,
1.63,1.70,1.76,1.67,
1.86,1.63,1.38,1.92,
1.08,1.27,1.1,1.67,
1.07,1.83,1.28,1.21,
1.7,1.76,1.52,2.01,
1.69,1.67,1.32,1.91,
0.96,1.12,1.09,1.56,
1.63,1.61,1.25,1.96,
1,1.56,1.83,1.59,
1.14,1.41,1.44,1.96,
1.81,1.61,1.67,1.87,
1.23,1.42,1.2,2,
1.24,1.88,1.33,1.95,
1.36,1.39,1.56,1.11,
1.55,1.67,1.21,1.25,
1.52,1.34,1.66,1.45,
1.86,1.32,1.56,1.98,
1.3,1.51,1.48,1.37,
1.29,1.12,1.24,1.23,
1.27,1.25,1.3,1.92,
1.55,1.12,1.59,1.5,
1.78,1.10,1.59,1.94,
1.48,1.70,1.25,1.23,
1.27,1.48,1.73,1.71,
1.12,1.31,1.3,1.5,
0.99,1.43,1.25,1.15,
1.7,1.61,1.33,1.74,
1.71,1.68,1.51,1.32,
2.02,1.76,1.88,1.12,
1.43,1.40,1.67,1.14,
1.56,1.74,1.87,1.14,
1.4,1.32,1.31,1.94,
1.89,1.21,1.26,1.78,
1.82,1.86,1.66,1.93,
1.52,1.67,1.44,1.72,
1.79,1.59,1.19,1.58,
1,1.11,1.48,1.37,
1.46,1.23,1.49,2.03,
1.6,1.16,1.78,1.42,
1.46,1.55,1.53,1.53,
1.12,1.73,1.12,1.44,
1.14,1.46,1.17,2.01,
1.67,1.43,1.63,1.25,
1.82,1.78,1.77,1.39,
2,1.31,1.72,1.73,
1.97,1.40,1.56,1.14,
1.03,1.55,1.64,1.66,
1.81,1.88,1.35,1.53,
1.91,1.43,1.74,1.35,
1.52,1.66,1.52,1.31,
1.13,1.63,1.13,1.57,
1.15,1.67,1.78,1.43,
1.05,1.61,1.08,1.51,
0.97,1.84,1.18,1.4,
1.93,1.43,1.6,2,
1.62,1.83,1.67,1.21,
1.87,1.69,1.67,1.17,
1,1.26,1.49,1.41,
1.35,1.30,1.24,1.64,
1.12,1.63,1.72,1.71,
1.69,1.44,1.57,1.46,
1.3,1.24,1.22,2.03,
1.87,1.12,1.57,1.41,
1.76,1.55,1.22,1.77,
1.11,1.44,1.21,1.69,
1.92,1.39,1.32,1.85,
1.48,1.57,1.17,2.01,
0.96,1.46,1.87,1.93,
1.96,1.49,1.35,1.81,
1.62,1.76,1.75,1.74,
1.34,1.52,1.88,1.4,
1.43,1.76,1.62,1.22,
1.61,1.76,1.25,1.14,
1.9,1.43,1.37,1.31,
1.32,1.31,1.27,1.49,
1.47,1.11,1.69,1.58,
1.96,1.84,1.09,1.81,
1.7,1.11,1.68,1.99,
1.15,1.56,1.38,1.19,
1.45,1.29,1.33,1.18,
1.05,1.86,1.26,1.64,
1.26,1.64,1.24,1.79,
1.04,1.63,1.18,1.89,
1.12,1.83,1.69,1.97,
2.02,1.74,1.23,2.01,
1.72,1.65,1.88,1.46,
1.31,1.29,1.6,1.44,
1.89,1.57,1.87,1.22,
1.53,1.32,1.43,1.73,
1.93,1.30,1.88,1.7,
1.01,1.27,1.67,1.9,
1.74,1.51,1.29,1.17,
1.13,1.48,1.31,1.55,
1.82,1.63,1.62,1.63,
1.72,1.14,1.44,1.31,
1.69,1.52,1.28,1.24,
1.33,1.27,1.73,1.9,
1.35,1.57,1.52,1.14,
1.76,1.50,1.51,1.53,
1.06,1.26,1.37,1.19,
1.72,1.16,1.79,1.51,
1.85,1.55,1.54,2.01,
1.1,1.28,1.27,1.48,
1.63,1.53,1.3,1.89,
1.85,1.42,1.4,1.19,
1.06,1.10,1.48,1.34,
1.6,1.31,1.77,1.46,
1.09,1.20,1.74,1.46,
1.2,1.67,1.34,1.72,
1.86,1.16,1.28,1.41,
1.22,1.17,1.12,1.76,
1.83,1.28,1.68,1.69,
1.23,1.29,1.84,1.46,
1.47,1.62,1.6,1.49,
1.47,1.62,1.4,1.66,
1.44,1.26,1.31,1.15,
1.5,1.52,1.63,1.86,
1.49,1.25,1.81,1.7,
1.52,1.13,1.66,1.77,
0.98,1.50,1.12,1.59,
1.66,1.17,1.61,1.18,
1.29,1.83,1.45,1.46,
1.23,1.74,1.73,1.47,
1.23,1.85,1.25,1.38,
1.39,1.23,1.79,1.11,
1.39,1.33,1.85,1.78,
1.17,1.80,1.61,1.18,
1.04,1.12,1.75,1.66,
1.37,1.34,1.58,1.75,
1.18,1.60,1.75,1.68,
1.24,1.11,1.24,1.99,
1.13,1.12,1.21,1.18,
1.15,1.57,1.52,1.9,
1.87,1.67,1.32,1.11,
1.27,1.57,1.14,1.59,
1.15,1.40,1.22,1.46,
1.3,1.78,1.66,1.58,
1.94,1.77,1.81,1.43,
1.09,1.49,1.31,1.26,
1.24,1.50,1.8,1.1,
1.75,1.35,1.69,1.57,
1.41,1.64,1.32,1.88,
1.08,1.11,1.63,1.43,
1.08,1.57,1.41,1.29,
1.47,1.30,1.18,1.16,
1.48,1.39,1.22,1.16,
1.59,1.61,1.33,1.29,
1.61,1.72,1.6,1.18,
1.72,1.25,1.84,1.33,
1.77,1.15,1.72,1.14,
1.36,1.23,1.7,1.14,
1.63,1.84,1.59,1.89,
1.48,1.35,1.2,1.23,
1.16,1.16,1.1,1.61,
1.89,1.20,1.41,1.81,
1.3,1.68,1.7,1.51,
1.92,1.35,1.61,1.23,
1.77,1.42,1.35,1.27,
1.73,1.79,1.7,1.49,
1.91,1.60,1.78,1.58,
1.08,1.80,1.63,1.41,
1.06,1.72,1.8,1.82,
1.81,1.22,1.09,1.79,
1.36,1.74,1.6,1.96,
2.02,1.49,1.51,1.11,
1.36,1.44,1.68,1.93,
1.54,1.80,1.63,1.45,
1.83,1.62,1.75,1.91,
1.97,1.61,1.84,1.74,
1.11,1.31,1.19,2.02,
1.38,1.83,1.48,1.8,
1.43,1.72,1.73,1.43,
1.22,1.76,1.88,1.56,
1.21,1.37,1.81,1.44,
1.27,1.29,1.21,1.43,
1.92,1.26,1.81,1.33,
1.77,1.86,1.84,1.55,
1.15,1.14,1.49,1.73,
1.46,1.62,1.5,1.34,
1.56,1.34,1.62,1.58,
1.54,1.27,1.64,1.19,
1.63,1.44,1.13,1.23,
1.5,1.69,1.14,1.12,
1.58,1.69,1.74,2,
1.92,1.86,1.69,1.08,
1.46,1.53,1.5,1.25,
1.35,1.55,1.08,1.66,
1.74,1.09,1.89,1.16,
1.58,1.50,1.58,1.92,
1.76,1.71,1.3,1.76,
1.39,1.15,1.39,2,
1.02,1.66,1.76,1.56,
1.64,1.13,1.2,1.37,
1.65,1.24,1.59,1.6,
2.04,1.85,1.87,1.96,
1.04,1.39,1.42,1.57,
2.02,1.61,1.39,1.33,
1.57,1.27,1.24,1.91,
1.82,1.43,1.87,1.43,
1.32,1.17,1.72,1.08,
1.78,1.60,1.49,1.32,
0.97,1.49,1.45,1.38,
1.36,1.37,1.26,1.9,
1.06,1.55,1.53,1.52,
1.17,1.21,1.33,1.5,
1.43,1.56,1.51,1.4,
1.15,1.67,1.15,1.92,
1.06,1.74,1.36,1.98,
1.47,1.20,1.22,2.02,
1.36,1.55,1.51,1.44,
1.83,1.30,1.18,2,
2.04,1.72,1.49,1.83,
1.87,1.41,1.55,1.72,
1.25,1.86,1.79,1.31,
1.48,1.53,1.73,1.29,
1.66,1.34,1.59,1.24,
1.69,1.85,1.72,1.96,
1.04,1.87,1.46,1.36,
1.99,1.53,1.36,1.51,
1.27,1.14,1.13,1.55,
1.86,1.61,1.46,1.82,
1.99,1.15,1.47,1.88,
1.56,1.43,1.69,1.21,
0.98,1.78,1.53,1.49,
1.15,1.34,1.32,1.88,
1.78,1.50,1.27,1.86,
1.95,1.27,1.45,1.18,
1.65,1.38,1.47,1.23,
1.94,1.29,1.76,1.37,
1.89,1.19,1.86,1.15,
1.11,1.23,1.42,1.48,
1.98,1.35,1.51,1.18,
0.99,1.13,1.53,1.62,
1.85,1.59,1.13,1.31,
1.69,1.28,1.14,1.65,
1.63,1.61,1.13,1.19,
1.92,1.54,1.34,2.01,
1.96,1.86,1.5,1.97,
1.26,1.31,1.2,1.45,
1.87,1.87,1.23,1.31,
1.47,1.43,1.17,1.32,
1.65,1.65,1.84,1.54,
1.88,1.66,1.38,1.12,
1.95,1.80,1.26,1.69,
1.1,1.30,1.31,1.47,
1.57,1.36,1.4,1.44,
1.78,1.22,1.59,1.85,
1.39,1.83,1.37,1.75,
1.79,1.86,1.12,1.99,
1.66,1.27,1.45,1.41,
1.13,1.35,1.21,1.93,
1.53,1.48,1.45,1.81,
1.15,1.49,1.52,1.42,
1.9,1.79,1.81,1.67,
1.16,1.45,1.27,1.35,
1.58,1.82,1.22,1.91,
1.94,1.65,1.77,1.19,
1.86,1.30,1.44,1.28,
1.7,1.70,1.33,1.25,
1.03,1.17,1.56,1.46,
1.18,1.32,1.21,1.79,
1.86,1.76,1.3,1.58,
1.35,1.12,1.51,1.54,
1.16,1.68,1.89,1.08,
1.98,1.59,1.67,1.48,
1.68,1.63,1.25,1.14,
1.93,1.71,1.11,1.28,
1.85,1.64,1.47,1.97,
1.7,1.39,1.53,1.28,
1.59,1.62,1.52,1.9,
1,1.60,1.15,1.84,
1.8,1.21,1.78,1.23,
1.31,1.70,1.34,1.66,
1.75,1.42,1.58,1.19,
1.57,1.42,1.34,1.77,
1.14,1.29,1.26,1.69,
1.72,1.81,1.76,1.85,
1.65,1.44,1.41,1.54,
1.02,1.14,1.09,1.95,
1.42,1.17,1.15,1.13,
0.99,1.61,1.87,1.36,
1.93,1.17,1.81,1.76,
1.35,1.63,1.31,1.48,
1.57,1.36,1.34,1.24,
1.78,1.15,1.26,1.18,
1.12,1.76,1.42,1.86,
1.57,1.47,1.47,1.53,
1.19,1.23,1.62,1.92,
2,1.55,1.16,1.78,
1.25,1.85,1.26,1.47,
1.55,1.49,1.75,1.43,
1.31,1.35,1.8,1.57,
1.85,1.87,1.21,1.92,
1.83,1.68,1.58,1.78,
1.27,1.85,1.8,1.08,
1.05,1.49,1.44,1.74,
1.93,1.64,1.7,1.95,
1.51,1.33,1.88,1.75,
1.63,1.11,1.24,1.25,
1.28,1.33,1.27,1.54,
1.25,1.64,1.39,1.21,
1.72,1.26,1.65,1.42,
1.27,1.78,1.39,1.97,
1.37,1.22,1.75,1.96,
1.28,1.41,1.81,1.35,
1.74,1.31,1.7,1.4,
1.03,1.50,1.13,1.65,
1.76,1.23,1.68,2,
1.78,1.65,1.14,1.22,
1.66,1.62,1.57,1.32,
1.11,1.84,1.44,1.91,
1.14,1.61,1.11,1.55,
1.97,1.27,1.33,1.93,
1.74,1.86,1.52,1.26,
0.98,1.68,1.82,1.59,
1.5,1.64,1.83,1.39,
1.05,1.67,1.43,1.38,
1.31,1.09,1.17,1.5,
1.28,1.62,1.69,1.49,
1.49,1.68,1.26,1.42,
1.4,1.41,1.7,1.95,
1.68,1.87,1.38,1.78,
1.14,1.46,1.64,1.77,
1.57,1.26,1.31,1.36,
1.79,1.56,1.31,1.63,
1.6,1.73,1.43,1.82,
1.73,1.64,1.62,1.84,
1.38,1.58,1.37,1.41,
1.75,1.43,1.22,1.81,
1.99,1.20,1.23,1.78,
1.44,1.74,1.84,1.21,
1.77,1.77,1.67,1.9,
1.81,1.30,1.7,1.5,
1.18,1.66,1.35,1.54,
1.68,1.41,1.6,1.51,
1.72,1.36,1.15,1.62,
1.9,1.19,1.84,1.67,
1.7,1.26,1.32,1.55,
1.36,1.44,1.26,1.9,
1.35,1.10,1.25,1.68,
1.3,1.71,1.42,1.46,
1.5,1.10,1.23,1.48,
1.81,1.11,1.77,1.85,
0.99,1.58,1.52,1.41,
1.06,1.38,1.25,1.28,
1.72,1.48,1.57,1.14,
1.82,1.12,1.9,1.91,
2.02,1.60,1.11,1.95,
1.62,1.63,1.13,1.19,
1.61,1.15,1.53,1.4,
2.01,1.17,1.44,1.25,
1.02,1.71,1.42,1.19,
1.29,1.76,1.42,1.93,
2,1.63,1.74,1.13,
1.54,1.75,1.27,2.01,
1.68,1.14,1.85,1.17,
1.02,1.68,1.6,1.9,
1.52,1.35,1.15,1.62,
1.04,1.77,1.21,1.43,
1.98,1.54,1.49,1.41,
1.62,1.11,1.53,1.8,
1,1.37,1.49,1.38,
2.02,1.16,1.27,1.7,
1.42,1.64,1.41,1.57,
1.14,1.72,1.6,1.54,
1.02,1.22,1.36,1.94,
1.89,1.79,1.09,1.61,
1.38,1.63,1.29,1.87,
1.46,1.47,1.59,1.77,
1.99,1.76,1.26,1.12,
1.5,1.75,1.57,1.81,
1.44,1.79,1.81,1.29,
1.75,1.12,1.25,1.94,
1.17,1.74,1.83,1.12,
1.5,1.35,1.8,1.4,
1.45,1.29,1.31,1.17,
1.56,1.31,1.49,1.53,
1.91,1.21,1.46,1.86,
1.7,1.62,1.19,1.36,
1,1.29,1.76,1.22,
1.69,1.63,1.46,1.39,
1.07,1.26,1.85,1.85,
1.73,1.09,1.37,1.21,
1.45,1.31,1.31,1.3,
1.45,1.41,1.38,1.15,
1.54,1.63,1.88,1.75,
1.94,1.84,1.74,1.46,
1.36,1.52,1.27,1.38,
1.36,1.39,1.44,1.76,
1.73,1.18,1.68,1.4,
1.06,1.55,1.8,1.77,
0.95,1.47,1.89,1.85,
1.87,1.51,1.52,1.29,
1.78,1.82,1.46,2.01,
1.25,1.34,1.53,1.23,
1.15,1.72,1.55,1.36,
1.76,1.85,1.59,1.25,
1.61,1.27,1.66,1.41,
1.1,1.35,1.49,1.54,
1.4,1.27,1.78,1.58,
1.3,1.87,1.49,1.89,
1.56,1.15,1.67,1.92,
1.28,1.54,1.88,1.29,
0.98,1.53,1.32,1.67,
1.85,1.49,1.23,1.19,
2,1.88,1.35,1.52,
1.96,1.48,1.49,1.39,
1.84,1.37,1.65,1.38,
1.12,1.61,1.69,1.54,
1.16,1.62,1.48,1.77,
1.58,1.86,1.33,1.15,
1.24,1.28,1.45,1.92,
1,1.60,1.81,1.78,
0.96,1.22,1.09,1.25,
1.09,1.21,1.86,1.97,
1.88,1.10,1.48,1.56,
1.98,1.87,1.69,2.03,
1.81,1.74,1.17,1.27,
1.8,1.69,1.56,1.59,
1.65,1.35,1.42,1.36,
1.68,1.80,1.11,1.37,
1.02,1.69,1.4,1.64,
1.87,1.48,1.66,1.96,
1.05,1.56,1.38,1.85,
1.99,1.76,1.72,1.77,
1.08,1.30,1.41,1.61,
1.11,1.36,1.59,1.96,
1.66,1.26,1.59,1.55,
1.72,1.13,1.84,1.91,
1.55,1.11,1.34,1.87,
0.96,1.23,1.15,1.28,
0.97,1.84,1.58,1.81,
1.54,1.37,1.4,1.09,
2.01,1.34,1.14,1.39,
1.03,1.59,1.58,1.3,
1.68,1.87,1.25,1.56,
2.03,1.87,1.23,1.78,
0.97,1.42,1.47,1.17,
1.79,1.43,1.62,1.57,
1.49,1.12,1.2,1.97,
1.86,1.31,1.1,1.3,
1.69,1.84,1.89,1.72,
1.33,1.30,1.37,1.64,
1.29,1.25,1.68,1.09,
1.55,1.61,1.09,1.53,
1.38,1.31,1.53,1.75,
1.53,1.20,1.34,1.12,
1.08,1.78,1.36,1.92,
1.94,1.59,1.45,1.57,
1.13,1.49,1.66,1.11,
1.75,1.24,1.29,1.29,
1.14,1.65,1.2,1.99,
1.34,1.42,1.6,1.63,
1.73,1.65,1.53,1.18,
1.16,1.76,1.36,1.35,
2.03,1.31,1.19,1.51,
1.78,1.28,1.57,1.1,
1.05,1.62,1.89,1.47,
1.76,1.74,1.71,1.54,
1.81,1.84,1.34,1.31,
1.26,1.74,1.15,1.64,
1.13,1.78,1.89,1.8,
1.09,1.85,1.25,1.3,
1.62,1.28,1.19,1.67,
1.82,1.87,1.25,1.69,
1.19,1.33,1.76,1.98,
1.27,1.71,1.69,1.82,
1.19,1.09,1.58,1.89,
1,1.53,1.36,1.55,
1.43,1.24,1.69,1.26,
1.56,1.60,1.57,2.03,
1.64,1.15,1.47,1.2,
1.09,1.50,1.11,1.53,
1.66,1.29,1.83,1.14,
0.98,1.34,1.58,1.98,
1.31,1.13,1.82,2,
1.87,1.85,1.72,1.76,
1.7,1.67,1.31,1.41,
1.1,1.57,1.48,1.32,
1.11,1.58,1.84,1.33,
1.44,1.75,1.59,1.2,
1.47,1.20,1.3,1.58,
1.36,1.81,1.88,1.21,
1.09,1.61,1.53,1.38,
1.47,1.42,1.45,1.68,
1.25,1.33,1.41,1.77,
1.47,1.53,1.48,1.1,
1.4,1.43,1.59,1.49,
1.88,1.34,1.2,1.7,
1.82,1.29,1.17,1.89,
1.41,1.25,1.52,1.53,
1.55,1.62,1.68,2,
1.35,1.58,1.48,1.33,
1.68,1.53,1.7,1.09,
1.96,1.56,1.13,1.54,
0.99,1.17,1.55,1.32,
1.55,1.77,1.79,1.86,
1.82,1.39,1.11,1.3,
1.35,1.86,1.5,1.38,
1.73,1.42,1.79,1.83,
1.52,1.49,1.22,1.76,
1.25,1.27,1.11,1.61,
1.07,1.38,1.78,1.75,
1.54,1.15,1.49,1.48,
1.63,1.78,1.19,1.09,
1.22,1.41,1.08,1.09,
1.66,1.85,1.47,1.57,
1.22,1.65,1.25,1.16,
1.73,1.26,1.58,1.13,
1.09,1.29,1.57,2,
1.59,1.68,1.27,1.9,
1.13,1.22,1.89,1.22,
0.99,1.15,1.9,1.08,
1.31,1.39,1.15,1.97,
1.54,1.58,1.84,1.34,
1.03,1.43,1.3,1.26,
1.91,1.70,1.61,1.74,
2.03,1.63,1.57,1.18,
1.81,1.16,1.35,1.33,
1.13,1.46,1.7,2.01,
1.69,1.56,1.88,1.69,
1.16,1.53,1.88,1.57,
1.97,1.12,1.83,1.46,
1.8,1.20,1.21,1.82,
2,1.13,1.13,1.21,
1.57,1.79,1.22,2,
1.84,1.50,1.5,1.9,
1.51,1.83,1.43,1.67,
1.41,1.25,1.72,1.12,
1.06,1.74,1.76,1.75,
1.65,1.52,1.59,1.95,
1.67,1.82,1.76,1.58,
1.66,1.77,1.84,1.42,
1.03,1.60,1.25,1.19,
1.3,1.59,1.61,1.8,
1.29,1.21,1.39,1.92,
1.96,1.66,1.36,1.18,
1.81,1.39,1.61,1.8,
1.85,1.36,1.5,1.1,
1.44,1.51,1.6,2,
1.6,1.43,1.28,1.66,
1.81,1.60,1.17,1.6,
1.8,1.45,1.61,1.36,
1.82,1.67,1.59,1.96,
1.43,1.21,1.68,1.33,
1.77,1.11,1.23,1.87,
2.02,1.66,1.66,2.02,
1.66,1.15,1.66,1.82,
1.48,1.52,1.88,1.57,
1.82,1.34,1.63,1.14,
1.76,1.16,1.82,1.53,
1.32,1.37,1.28,1.5,
1.2,1.69,1.39,1.27,
1.72,1.10,1.86,1.48,
2,1.84,1.68,1.42,
1.18,1.31,1.34,1.24,
1.83,1.50,1.85,1.5,
1.06,1.88,1.34,1.33,
1.79,1.23,1.36,1.58,
1.85,1.60,1.54,1.11,
1,1.67,1.14,1.94,
1.4,1.59,1.88,1.86,
1.65,1.62,1.11,1.6,
1.71,1.52,1.3,1.89,
1.53,1.45,1.38,1.99,
1.35,1.18,1.64,1.18,
2.03,1.75,1.15,1.68,
1.86,1.53,1.13,2.03,
1.53,1.65,1.81,2.02,
1.92,1.84,1.16,1.65,
1.96,1.61,1.37,1.2,
0.98,1.31,1.13,1.63,
1.71,1.75,1.62,1.08,
1.97,1.80,1.9,1.27,
1.08,1.28,1.44,1.99,
1.1,1.87,1.72,1.39,
1.34,1.84,1.77,1.69,
1.86,1.25,1.27,1.35,
0.97,1.75,1.4,1.98,
1.26,1.27,1.29,1.77,
1.61,1.61,1.55,1.39,
1.45,1.60,1.77,1.83,
0.98,1.60,1.5,1.18,
1.34,1.47,1.69,1.45,
1.1,1.20,1.13,1.29,
1.18,1.75,1.86,1.73,
1.91,1.84,1.25,1.18,
1.81,1.17,1.22,1.46,
1.82,1.53,1.39,1.34,
1.08,1.14,1.56,1.56,
1.54,1.39,1.6,1.41,
1.85,1.48,1.17,1.75,
1.55,1.74,1.42,1.1,
1.86,1.73,1.28,1.68,
0.95,1.64,1.72,1.3,
1.72,1.39,1.36,1.34,
1.79,1.26,1.76,1.84,
1.49,1.29,1.64,1.99,
1.99,1.68,1.87,1.38,
1.01,1.10,1.84,1.87,
1.44,1.65,1.12,1.18,
1.42,1.20,1.84,1.68,
1.56,1.25,1.51,1.79,
1.01,1.53,1.6,1.23,
1.43,1.11,1.65,1.48,
1.72,1.33,1.17,1.93,
1.92,1.63,1.71,1.18,
1.47,1.15,1.24,1.1,
1.25,1.61,1.88,1.64,
1.39,1.27,1.13,1.49,
1.09,1.29,1.53,1.84,
1.47,1.80,1.63,1.96,
1.27,1.20,1.47,1.36,
1.97,1.54,1.43,1.45,
1.24,1.39,1.44,1.54,
1.18,1.21,1.36,1.64,
1.62,1.15,1.54,2.01,
1.52,1.85,1.6,1.74,
1.24,1.36,1.17,1.45,
1.55,1.73,1.88,1.33,
2.02,1.15,1.12,1.98,
1.77,1.47,1.46,1.21,
1.52,1.22,1.89,1.76,
0.98,1.31,1.81,1.96,
1.03,1.30,1.26,1.71,
1.14,1.21,1.75,1.48,
1.96,1.68,1.16,1.27,
1.76,1.71,1.71,1.43,
1.78,1.47,1.08,1.75,
1.62,1.38,1.16,1.7,
1.69,1.63,1.53,1.96,
1.92,1.31,1.62,1.9,
1.32,1.29,1.67,1.86,
1.73,1.70,1.27,1.95,
1.23,1.44,1.83,1.34,
2.01,1.72,1.1,1.43,
1.61,1.16,1.44,1.44,
1.25,1.71,1.5,1.61,
1.8,1.41,1.4,1.71,
1.52,1.42,1.69,1.35,
1.88,1.24,1.19,1.1,
1.84,1.48,1.18,1.46,
1.68,1.31,1.44,1.37,
1.91,1.81,1.66,1.98,
1.68,1.25,1.83,1.92,
1.81,1.32,1.11,1.9,
1.2,1.12,1.57,1.7,
1.17,1.37,1.11,1.41,
1.86,1.56,1.77,1.6,
1.77,1.40,1.84,1.85,
1.49,1.22,1.13,1.17,
0.97,1.65,1.57,1.84,
1.24,1.49,1.89,1.12,
1.74,1.26,1.22,1.86,
1.4,1.62,1.64,1.85,
1.76,1.64,1.55,1.13,
1.86,1.22,1.47,1.68,
1.55,1.49,1.55,1.56,
0.97,1.53,1.63,1.24,
1.06,1.59,1.65,1.22,
1.17,1.77,1.4,1.81,
1.44,1.14,1.22,1.62,
1.28,1.35,1.46,2.01,
0.98,1.65,1.42,2.01,
1.02,1.36,1.41,2.02,
1.04,1.35,1.46,1.19,
1.97,1.33,1.7,1.97,
1.8,1.30,1.83,1.31,
2.03,1.83,1.27,1.52,
1.56,1.17,1.18,1.8,
1.99,1.51,1.19,1.27,
0.99,1.66,1.35,1.62,
1.23,1.16,1.56,1.26,
1.65,1.17,1.53,1.18,
1.99,1.80,1.3,1.19,
1.69,1.19,1.25,1.42,
1.18,1.34,1.08,1.08,
1.17,1.81,1.26,1.48,
1.46,1.82,1.85,1.71,
0.99,1.49,1.51,1.46,
1.9,1.67,1.65,1.16,
1.85,1.17,1.7,1.14,
1.58,1.15,1.81,1.34,
1.38,1.53,1.31,1.24,
1.87,1.13,1.3,2,
1.35,1.50,1.68,1.22,
1.68,1.15,1.38,1.85,
1.14,1.61,1.2,1.64,
1.35,1.31,1.72,1.62,
0.97,1.60,1.89,1.57,
1.31,1.31,1.32,2,
0.98,1.68,1.41,1.43,
1.85,1.46,1.45,1.83,
1.96,1.72,1.2,1.61,
1.42,1.13,1.24,1.46,
1.65,1.59,1.57,1.99,
1.93,1.57,1.62,1.65,
1.92,1.87,1.19,1.19,
1.55,1.82,1.37,1.48,
1.89,1.38,1.89,1.82,
1.52,1.47,1.25,1.74,
1.5,1.72,1.15,1.95,
1.9,1.33,1.23,1.33,
1.07,1.62,1.77,1.8,
1.27,1.28,1.65,1.52,
1.13,1.72,1.74,1.62,
1.35,1.60,1.78,1.99,
1.94,1.84,1.56,2.01,
1.6,1.56,1.2,1.9,
1.24,1.32,1.24,1.42,
1.02,1.87,1.64,1.92,
1.49,1.59,1.49,1.69,
1.1,1.62,1.79,1.49,
1.73,1.40,1.41,1.11,
1.16,1.76,1.83,1.81,
1.61,1.84,1.82,1.56,
1.9,1.78,1.18,1.83,
1.73,1.54,1.3,1.79,
1.06,1.83,1.7,1.83,
1.02,1.58,1.87,1.37,
1.73,1.25,1.38,1.84,
2,1.58,1.81,1.6,
1.33,1.22,1.64,1.53,
1.44,1.76,1.8,1.72,
1.68,1.66,1.12,1.1,
1.36,1.65,1.11,1.18,
1.57,1.71,1.48,1.36,
1.6,1.76,1.23,2.01,
1.02,1.31,1.88,1.21,
1.1,1.26,1.15,1.39,
1.06,1.58,1.25,1.13,
1.2,1.48,1.74,1.39,
1.96,1.40,1.12,1.38,
1.79,1.66,1.51,1.98,
1.27,1.14,1.2,1.88,
1.42,1.39,1.83,1.44,
1.36,1.69,1.66,1.1,
1.89,1.73,1.36,1.87,
1.61,1.71,1.71,1.71,
1.13,1.62,1.76,1.22,
1.41,1.13,1.62,2.03,
1.47,1.44,1.5,1.18,
1.4,1.76,1.16,1.9,
1.17,1.09,1.62,1.36,
1.59,1.81,1.28,1.49,
1.59,1.26,1.65,1.84,
1.41,1.27,1.44,1.72,
1.67,1.54,1.42,1.97,
1.67,1.25,1.65,1.67,
1.95,1.64,1.09,1.17,
1.94,1.65,1.37,1.92,
1.93,1.18,1.8,1.81,
1.15,1.29,1.46,1.76,
1.22,1.71,1.78,1.13,
1.61,1.70,1.28,1.46,
1.08,1.22,1.44,1.24,
1.49,1.37,1.09,1.86,
1.5,1.33,1.47,1.75,
1.06,1.59,1.14,1.92,
1.44,1.81,1.38,2,
1.34,1.75,1.43,1.82,
1.19,1.56,1.25,2.02,
1.62,1.65,1.35,1.66,
1.19,1.14,1.11,1.12,
1.66,1.63,1.6,1.09,
1.5,1.47,1.47,1.4,
1.22,1.51,1.18,1.86,
1.51,1.58,1.78,1.9,
1.12,1.15,1.56,1.99,
2,1.82,1.82,1.14,
1.75,1.23,1.62,1.12,
1.68,1.35,1.29,1.95,
1.32,1.10,1.57,1.37,
1.09,1.44,1.09,1.61,
1.09,1.71,1.77,2.01,
1.21,1.10,1.28,1.46,
1.55,1.74,1.86,1.71,
1.13,1.15,1.75,1.46,
1.14,1.38,1.8,1.81,
1.4,1.69,1.43,1.58,
1.84,1.79,1.19,1.31,
1.08,1.78,1.59,1.34,
1.44,1.67,1.72,1.33,
1.98,1.63,1.67,1.59,
1.72,1.30,1.13,1.75,
1.06,1.78,1.47,1.98,
1.21,1.33,1.62,1.74,
1.98,1.71,1.42,1.82,
1.76,1.30,1.08,1.24,
1.31,1.34,1.54,1.44,
1.35,1.60,1.69,1.47,
1.78,1.28,1.83,1.73,
1.27,1.87,1.32,1.36,
1.86,1.42,1.12,1.37,
1.82,1.31,1.29,1.42,
1.49,1.27,1.84,1.85,
1.74,1.60,1.23,1.63,
1.02,1.61,1.53,1.15,
1.32,1.52,1.17,1.15,
1.11,1.62,1.23,1.43,
1.45,1.82,1.65,1.81,
1.75,1.78,1.17,1.73,
1.59,1.22,1.69,1.75,
1.61,1.21,1.75,1.81,
1.52,1.56,1.37,1.35,
1.63,1.57,1.54,1.6,
1.39,1.70,1.43,1.6,
1.35,1.67,1.18,1.78,
1.19,1.50,1.29,1.99,
1.9,1.56,1.67,1.34,
1.81,1.22,1.59,1.83,
1.8,1.55,1.21,1.71,
1.78,1.54,1.2,1.63,
1.32,1.39,1.84,1.82,
1.86,1.34,1.37,1.98,
1.33,1.72,1.44,1.11,
1.96,1.86,1.76,1.22,
1.67,1.25,1.82,1.8,
1.42,1.48,1.3,1.16,
1.86,1.71,1.11,1.57,
1.14,1.31,1.23,1.29,
1.18,1.83,1.67,1.34,
1,1.79,1.62,1.75,
1.37,1.68,1.78,1.11,
1.79,1.57,1.26,1.91,
1.39,1.65,1.72,1.5,
1.07,1.41,1.74,1.56,
1.23,1.26,1.59,1.59,
1.2,1.17,1.12,1.69,
1.84,1.09,1.62,1.41,
1.65,1.53,1.82,1.18,
1.12,1.33,1.3,1.38,
1.03,1.69,1.35,1.24,
1.76,1.68,1.13,1.61,
1.35,1.84,1.63,1.38,
1.4,1.39,1.84,1.99,
1.35,1.39,1.22,2,
1.52,1.21,1.39,1.67,
1.38,1.71,1.12,1.67,
1.75,1.44,1.86,2.02,
1.03,1.61,1.38,1.92,
1.17,1.71,1.26,1.81,
1.65,1.27,1.62,1.38,
1.56,1.56,1.09,1.43,
1.99,1.83,1.78,1.27,
1.93,1.53,1.72,1.54,
1.81,1.36,1.89,2.02,
1.34,1.64,1.8,1.95,
1.46,1.17,1.35,1.19,
1.18,1.14,1.4,1.1,
1.91,1.20,1.58,1.93,
1.57,1.41,1.42,1.59,
2.01,1.86,1.16,1.27,
0.95,1.72,1.3,1.72,
1.79,1.59,1.28,1.69,
1.91,1.68,1.65,1.2,
1.3,1.09,1.12,1.33,
1.43,1.12,1.3,1.14,
1.16,1.47,1.56,1.28,
1.27,1.11,1.72,1.21,
1,1.39,1.37,1.26,
1.81,1.79,1.63,1.73,
1.7,1.68,1.49,1.13,
1.27,1.67,1.57,1.18,
1.48,1.79,1.41,1.21,
2.03,1.80,1.16,1.38,
1.22,1.83,1.45,1.36,
1.14,1.30,1.67,1.32,
1.02,1.44,1.42,1.79,
1.35,1.15,1.58,2.03,
1.27,1.65,1.65,1.59,
1.57,1.29,1.4,1.98,
1.18,1.56,1.45,1.46,
1.38,1.26,1.41,1.18,
1.04,1.67,1.81,1.47,
1.24,1.80,1.09,1.36,
1.46,1.43,1.64,1.55,
1.51,1.10,1.19,1.7,
1.47,1.49,1.65,1.52,
1.52,1.68,1.09,1.97,
1.26,1.52,1.13,1.92,
1.21,1.60,1.21,1.75,
1.98,1.82,1.84,1.55,
1.84,1.33,1.56,1.21,
1.24,1.57,1.66,1.46,
0.97,1.47,1.5,1.75,
1.97,1.49,1.12,1.35,
2.03,1.71,1.63,1.18,
1.83,1.46,1.09,1.94,
1.07,1.73,1.31,1.75,
1.53,1.11,1.66,1.66,
1.7,1.71,1.37,1.83,
1.7,1.56,1.21,1.87,
2.01,1.53,1.22,1.54,
1.96,1.57,1.19,1.92,
1.14,1.49,1.15,1.95,
1.07,1.65,1.14,1.34,
1.37,1.25,1.27,1.66,
1.57,1.67,1.54,1.58,
1.21,1.78,1.58,1.59,
1.64,1.70,1.77,1.97,
1.49,1.19,1.69,1.37,
1.42,1.17,1.89,2.01,
1.92,1.60,1.44,1.94,
1.96,1.75,1.14,1.52,
0.97,1.27,1.41,1.86,
0.97,1.39,1.65,1.81,
1.97,1.76,1.47,1.72,
1.04,1.36,1.43,1.38,
1.31,1.75,1.65,1.27,
1.01,1.11,1.46,1.72,
1.05,1.11,1.8,1.88,
1.14,1.62,1.34,1.1,
1.36,1.33,1.76,1.69,
1.63,1.88,1.78,1.5,
1.48,1.73,1.22,1.93,
1.27,1.18,1.5,1.39,
1.08,1.75,1.62,1.53,
1.72,1.37,1.19,1.57,
1.87,1.79,1.79,1.21,
1.08,1.75,1.5,1.76,
1.08,1.80,1.59,1.87,
1.52,1.52,1.38,1.14,
1.73,1.53,1.08,1.36,
1.87,1.54,1.1,1.12,
1.58,1.44,1.41,1.99,
2.03,1.74,1.21,1.71,
0.99,1.53,1.61,2,
1.8,1.60,1.53,1.58,
1.25,1.43,1.15,1.84,
1.7,1.24,1.59,1.44,
1,1.53,1.18,1.42,
1.22,1.29,1.1,1.44,
1.17,1.78,1.28,1.7,
1.25,1.75,1.48,1.42,
1.04,1.35,1.69,1.94,
1.76,1.12,1.74,2.01,
1.65,1.37,1.13,1.11,
1.87,1.75,1.57,1.26,
1.66,1.38,1.17,1.19,
1.4,1.21,1.18,1.12,
1.32,1.48,1.67,1.3,
1.32,1.54,1.17,1.5,
1.24,1.37,1.63,1.88,
1.21,1.74,1.56,1.29,
1.97,1.83,1.59,1.55,
1.92,1.21,1.54,1.96,
1.53,1.58,1.63,1.71,
2.03,1.69,1.14,1.84,
1.9,1.40,1.69,1.6,
1.73,1.49,1.27,2.01,
1.86,1.64,1.77,1.64,
1.57,1.36,1.87,1.12,
1.72,1.27,1.76,1.27,
1.73,1.82,1.7,1.46,
1.74,1.53,1.78,1.65,
1.47,1.26,1.24,1.81,
1.32,1.39,1.32,1.47,
2.02,1.47,1.69,1.75,
1.39,1.28,1.52,1.83,
1.18,1.17,1.84,1.38,
1.59,1.74,1.55,2.01,
1.06,1.17,1.25,1.7,
1.79,1.33,1.71,1.92,
1.98,1.43,1.48,1.61,
1.29,1.79,1.35,1.78,
1.7,1.23,1.81,1.81,
1.86,1.87,1.4,1.94,
1.28,1.25,1.45,1.22,
0.96,1.82,1.56,1.61,
1.51,1.74,1.81,1.49,
1.23,1.09,1.85,1.96,
1.55,1.29,1.41,1.18,
1.05,1.16,1.76,2.01,
1.28,1.30,1.17,1.91,
1.79,1.58,1.18,1.15,
1.97,1.67,1.5,1.55,
1.21,1.52,1.37,1.76,
1.32,1.16,1.19,1.78,
1.38,1.56,1.84,1.94,
0.98,1.27,1.89,1.84,
1.1,1.38,1.83,1.38,
1.8,1.38,1.67,1.55,
1.42,1.64,1.39,1.75,
1.52,1.85,1.23,1.21,
1.35,1.11,1.31,1.26,
1.25,1.34,1.79,1.54,
1.51,1.87,1.43,1.36,
1.42,1.31,1.39,1.9,
1.24,1.42,1.48,1.64,
1.06,1.36,1.78,1.41,
1.13,1.66,1.89,1.89,
1.52,1.16,1.26,1.84,
1.6,1.17,1.59,2.03,
1.22,1.63,1.43,1.88,
1.21,1.48,1.88,1.47,
1.99,1.85,1.41,1.2,
1.87,1.55,1.67,1.88,
1.27,1.50,1.16,1.14,
1.1,1.38,1.79,1.41,
0.98,1.65,1.57,1.95,
1.72,1.35,1.67,1.99,
1.3,1.40,1.53,1.69,
1.67,1.59,1.52,1.73,
1.85,1.33,1.54,1.12,
1.22,1.66,1.3,1.57,
1.47,1.27,1.38,1.6,
1.32,1.38,1.41,1.4,
1.3,1.14,1.36,1.15,
1.89,1.33,1.16,1.3,
1.74,1.46,1.61,1.42,
1.72,1.38,1.49,1.49,
1.74,1.75,1.58,1.64,
1.02,1.61,1.46,1.77,
1.39,1.17,1.58,1.38,
1.89,1.24,1.81,1.39,
1.77,1.60,1.63,1.1,
2.02,1.11,1.79,1.12,
1.95,1.11,1.56,1.32,
1.33,1.76,1.48,1.78,
1.6,1.10,1.69,1.68,
1.7,1.21,1.45,1.81,
1.73,1.52,1.62,1.81,
1.76,1.43,1.28,1.89,
1.63,1.51,1.86,1.76,
0.95,1.27,1.86,2.01,
1.48,1.37,1.47,1.93,
1.98,1.69,1.71,1.64,
1.63,1.19,1.89,1.64,
1.6,1.21,1.87,1.11,
1.95,1.80,1.59,2.03,
1.11,1.66,1.28,1.2,
1.88,1.80,1.44,1.78,
1.42,1.57,1.47,1.86,
1.85,1.40,1.13,1.43,
1.61,1.19,1.62,1.27,
1.49,1.77,1.32,1.17,
1.31,1.16,1.08,1.79,
1.23,1.33,1.54,1.51,
1.08,1.81,1.69,1.76,
1.69,1.18,1.79,1.95,
1.92,1.57,1.19,1.22,
1.79,1.82,1.17,1.95,
1.79,1.74,1.5,1.47,
1.22,1.27,1.69,1.37,
1.97,1.27,1.23,1.98,
1.79,1.52,1.8,2.02,
1,1.73,1.19,1.27,
1.31,1.39,1.28,1.7,
1.87,1.39,1.14,1.18,
1.61,1.19,1.25,1.7,
1.51,1.46,1.68,1.87,
1.18,1.36,1.5,1.73,
1.26,1.49,1.71,1.48,
1.84,1.15,1.28,1.44,
1.11,1.28,1.84,1.45,
1.51,1.41,1.46,1.64,
1.3,1.46,1.88,1.92,
1.87,1.15,1.82,1.96,
1.54,1.13,1.12,1.13,
1.19,1.74,1.11,1.25,
0.96,1.46,1.63,1.19,
1.42,1.46,1.76,1.26,
1.31,1.84,1.69,1.41,
1.52,1.47,1.58,1.56,
1.93,1.60,1.39,1.68,
1.36,1.68,1.65,1.78,
1.4,1.75,1.87,1.93,
1.55,1.29,1.43,2.02,
2.04,1.62,1.5,1.71,
1.15,1.25,1.66,1.88,
1.03,1.50,1.23,1.82,
1.81,1.57,1.77,1.37,
0.96,1.74,1.17,1.91,
1.04,1.47,1.4,1.12,
1.68,1.75,1.28,1.08,
1.28,1.26,1.1,1.34,
1.35,1.36,1.68,1.52,
1.63,1.65,1.63,1.69,
1.67,1.12,1.78,1.18,
1.53,1.27,1.14,1.72,
1.22,1.61,1.66,1.84,
1.58,1.16,1.44,1.26,
1.26,1.18,1.86,1.47,
1.51,1.40,1.25,1.57,
1.77,1.11,1.45,1.51,
1.99,1.31,1.8,1.84,
2.03,1.31,1.12,1.99,
1.07,1.40,1.32,1.84,
1.7,1.28,1.76,1.15,
0.97,1.59,1.28,1.84,
1.6,1.33,1.5,1.14,
1.47,1.44,1.5,1.3,
1.21,1.11,1.37,1.23,
0.96,1.31,1.79,1.27,
1.61,1.83,1.54,1.58,
1.8,1.18,1.66,1.72,
1.68,1.33,1.84,1.53,
1.16,1.53,1.8,1.99,
1.25,1.16,1.31,1.31,
1.6,1.84,1.88,1.8,
1.33,1.65,1.45,1.91,
1.57,1.21,1.83,1.61,
2.03,1.24,1.84,1.51,
1.65,1.64,1.41,1.65,
1.54,1.70,1.24,1.49,
1.46,1.41,1.22,1.61,
1.33,1.41,1.57,1.48,
1.68,1.23,1.61,1.46,
1.05,1.33,1.64,1.74,
1.64,1.40,1.7,1.17,
1.94,1.86,1.87,1.24,
1.07,1.60,1.85,1.89,
1.98,1.35,1.13,1.81,
2,1.25,1.57,1.35,
1.2,1.54,1.58,1.44,
1.49,1.39,1.29,1.96,
1.17,1.35,1.14,1.86,
1.19,1.48,1.61,1.66,
1.67,1.10,1.21,1.29,
1.46,1.35,1.37,1.12,
1.77,1.18,1.43,1.49,
1.42,1.11,1.49,1.72,
1.95,1.55,1.34,1.87,
1.8,1.57,1.86,1.89,
1.95,1.63,1.12,1.11,
1.32,1.40,1.19,1.31,
1.35,1.75,1.77,1.4,
1.21,1.71,1.44,1.26,
0.98,1.34,1.24,1.84,
2.01,1.81,1.79,1.81,
1.36,1.57,1.39,1.57,
1.8,1.36,1.66,2.01,
1.73,1.36,1.25,1.22,
1.85,1.84,1.67,1.93,
1.03,1.87,1.78,1.19,
1.24,1.48,1.47,1.24,
1.47,1.54,1.87,1.74,
1.77,1.34,1.1,1.18,
1.02,1.42,1.3,1.62,
1.31,1.70,1.79,1.48,
1.6,1.52,1.27,1.77,
1.51,1.74,1.68,1.94,
1.39,1.18,1.88,1.81,
2.02,1.79,1.49,1.89,
1.67,1.65,1.46,1.11,
1.05,1.40,1.72,1.37,
1.39,1.56,1.44,1.57,
1.71,1.84,1.46,1.48,
1.45,1.33,1.67,1.3,
1,1.21,1.5,1.37,
1.95,1.85,1.78,1.98,
1.8,1.58,1.46,1.36,
1.36,1.34,1.72,1.42,
1.68,1.62,1.79,1.08,
1.01,1.17,1.21,1.88,
1.35,1.38,1.11,1.23,
2.01,1.24,1.7,1.27,
1.21,1.58,1.82,1.32,
1.11,1.60,1.56,1.92,
1.14,1.67,1.77,1.28,
1.18,1.85,1.16,1.84,
1.59,1.10,1.79,1.85,
1.27,1.26,1.52,1.96,
1.37,1.86,1.88,1.19,
1.11,1.32,1.12,1.29,
1,1.86,1.81,1.79,
1.77,1.45,1.6,1.27,
1.81,1.19,1.48,1.35,
1.3,1.77,1.55,1.24,
1.05,1.46,1.13,1.24,
1.93,1.33,1.32,1.54,
1.38,1.48,1.39,1.18,
1.76,1.66,1.64,1.39,
1.46,1.51,1.3,1.49,
1.37,1.14,1.62,1.1,
1.71,1.33,1.22,1.45,
1.01,1.36,1.43,1.17,
1.03,1.25,1.89,1.55,
1.11,1.54,1.88,1.86,
1.59,1.26,1.82,1.86,
1.91,1.48,1.52,1.16,
1.36,1.58,1.62,1.65,
1.29,1.63,1.82,1.87,
2,1.68,1.16,1.31,
1.54,1.19,1.15,1.8,
1.71,1.58,1.16,1.93,
0.97,1.83,1.41,1.85,
0.98,1.63,1.17,1.18,
1.22,1.19,1.75,1.09,
1.62,1.75,1.24,1.26,
2,1.71,1.53,1.34,
1.69,1.70,1.3,1.67,
1.88,1.21,1.86,1.45,
1.99,1.30,1.09,1.75,
1.31,1.65,1.13,1.42,
1.83,1.55,1.84,1.23,
1.55,1.57,1.18,1.38,
1.29,1.51,1.14,1.92,
1.43,1.86,1.29,1.99,
1.46,1.59,1.49,1.28,
1.8,1.83,1.32,1.83,
1.36,1.84,1.41,1.34,
0.95,1.64,1.82,1.92,
1.52,1.48,1.52,1.24,
1.14,1.64,1.2,1.71,
1.8,1.22,1.81,1.16,
1.17,1.67,1.42,2.01,
1.4,1.13,1.88,1.75,
1.14,1.76,1.61,1.88,
2.03,1.46,1.66,1.62,
1.79,1.45,1.25,1.53,
1.64,1.20,1.5,1.67,
1.1,1.31,1.6,1.58,
1.71,1.44,1.27,1.53,
1.66,1.32,1.15,1.8,
1.32,1.67,1.16,1.25,
1.57,1.49,1.17,1.24,
1.67,1.15,1.14,1.49,
1.68,1.87,1.73,1.38,
1.87,1.59,1.54,1.15,
1.68,1.59,1.38,1.88,
1.97,1.57,1.82,1.81,
1.59,1.77,1.3,1.6,
1.77,1.25,1.34,2.01,
1.82,1.48,1.72,1.15,
1.77,1.60,1.1,1.81,
1.04,1.74,1.15,1.33,
1.99,1.21,1.74,1.43,
1.68,1.62,1.79,1.29,
1.28,1.47,1.71,1.83,
1.24,1.11,1.47,1.22,
1.68,1.55,1.54,1.88,
1.48,1.77,1.13,1.71,
1.18,1.74,1.36,1.14,
1.14,1.70,1.52,1.85,
2.03,1.63,1.73,1.68,
1.05,1.67,1.78,1.94,
1.86,1.31,1.71,1.79,
1.34,1.56,1.1,1.61,
1.41,1.50,1.6,1.87,
1.27,1.57,1.86,1.34,
1.03,1.85,1.47,1.6,
1.73,1.86,1.82,1.36,
1.12,1.12,1.83,2,
1.67,1.50,1.75,1.29,
0.98,1.48,1.24,1.09,
1.25,1.27,1.76,1.39,
1.14,1.60,1.5,1.56,
1.47,1.14,1.9,1.11,
2.04,1.28,1.22,1.61,
0.96,1.76,1.16,1.91,
1.13,1.25,1.51,1.75,
0.97,1.37,1.49,1.67,
1.63,1.20,1.35,1.99,
1.24,1.15,1.41,1.99,
0.97,1.42,1.17,1.86,
1.6,1.61,1.69,1.66,
2.04,1.26,1.2,1.54,
2,1.12,1.61,1.09,
1.93,1.45,1.79,1.66,
1.77,1.88,1.52,2.02,
1.53,1.63,1.1,1.86,
1.59,1.27,1.85,1.4,
1.95,1.80,1.09,1.22,
1.26,1.10,1.69,1.82,
1.6,1.33,1.46,1.79,
1.53,1.21,1.09,2,
1.14,1.77,1.28,1.91,
1.98,1.18,1.77,1.61,
1.26,1.71,1.81,1.18,
1.54,1.77,1.39,1.54,
1.19,1.80,1.65,1.38,
1.04,1.70,1.55,1.57,
1.18,1.20,1.38,1.37,
1.7,1.19,1.14,1.9,
1.18,1.48,1.74,1.88,
1.75,1.23,1.82,1.38,
1.97,1.15,1.57,1.65,
1.39,1.18,1.83,1.49,
1.78,1.48,1.11,1.94,
1.11,1.13,1.44,1.26,
1.57,1.80,1.67,1.74,
1.14,1.73,1.76,2,
1.15,1.57,1.74,1.25,
1.1,1.41,1.5,1.27,
1.51,1.16,1.62,1.74,
1.61,1.70,1.31,1.82,
1.12,1.16,1.5,1.55,
1.74,1.73,1.35,1.66,
1.32,1.43,1.81,1.28,
1.3,1.48,1.3,1.53,
2.04,1.70,1.24,1.19,
1.63,1.55,1.2,1.39,
1.98,1.43,1.21,1.35,
1.8,1.61,1.37,1.5,
1.99,1.15,1.16,1.96,
1.95,1.58,1.14,1.25,
1.86,1.64,1.44,1.46,
1.12,1.57,1.27,1.66,
1.37,1.24,1.75,1.98,
1.82,1.21,1.78,1.21,
1.83,1.74,1.56,1.95,
1.14,1.86,1.77,1.16,
1.36,1.43,1.77,1.54,
1.61,1.50,1.15,1.51,
1.65,1.49,1.23,1.28,
1.08,1.58,1.81,1.41,
1.24,1.82,1.77,1.51,
1.54,1.49,1.11,1.9,
1.36,1.41,1.73,1.99,
1.42,1.11,1.81,1.57,
1.41,1.66,1.3,1.91,
1.55,1.18,1.57,1.66,
1.99,1.35,1.61,1.41,
1.25,1.52,1.54,1.26,
1.43,1.13,1.73,1.47,
1.98,1.79,1.43,1.58,
0.97,1.73,1.27,1.12,
2.01,1.86,1.16,1.22,
1.73,1.15,1.77,1.65,
1.9,1.32,1.47,1.29,
1.49,1.09,1.47,1.88,
1.73,1.48,1.89,1.39,
1.42,1.22,1.13,1.18,
1.87,1.17,1.62,1.16,
1.39,1.85,1.85,1.97,
2.03,1.68,1.5,1.19,
1.52,1.56,1.71,1.21,
1.43,1.32,1.55,1.9,
0.99,1.33,1.48,1.32,
1.87,1.20,1.3,1.71,
1.11,1.79,1.12,1.86,
1.89,1.55,1.18,1.66,
1.04,1.21,1.9,1.99,
2,1.10,1.65,1.75,
1.97,1.76,1.12,1.19,
1.52,1.17,1.64,1.61,
1.44,1.52,1.56,1.76,
1.84,1.33,1.82,1.84,
1.78,1.22,1.22,1.11,
1.01,1.51,1.17,1.76,
1.93,1.55,1.63,1.86,
1.01,1.34,1.74,1.79,
1.06,1.12,1.16,1.57,
1.05,1.40,1.4,1.52,
1.17,1.19,1.63,1.6,
1.4,1.35,1.74,1.75,
1.12,1.30,1.19,1.96,
1.2,1.28,1.28,1.67,
1.05,1.34,1.51,1.92,
1,1.28,1.16,1.75,
1.14,1.45,1.46,1.14,
1.14,1.51,1.83,1.56,
1.62,1.36,1.14,1.35,
1.23,1.38,1.62,1.35,
1.06,1.23,1.87,1.42,
1.76,1.79,1.9,1.38,
1.08,1.15,1.54,1.63,
2,1.76,1.86,1.73,
1.51,1.53,1.75,1.34,
1.23,1.39,1.76,1.2,
1.69,1.62,1.62,1.14,
2.04,1.62,1.8,1.63,
1.44,1.75,1.09,1.26,
1.65,1.58,1.41,1.09,
1.51,1.75,1.58,1.96,
1.19,1.48,1.5,1.59,
1.88,1.61,1.61,1.17,
1.27,1.55,1.87,1.88,
1.64,1.15,1.89,2.01,
1.62,1.75,1.34,1.51,
2.02,1.32,1.09,1.12,
1.07,1.79,1.32,1.19,
1.24,1.17,1.75,1.44,
1.4,1.84,1.17,1.92,
1.5,1.35,1.25,1.22,
1.63,1.54,1.21,1.86,
1.01,1.59,1.8,1.09,
1.53,1.61,1.65,1.51,
1.16,1.25,1.29,1.69,
1.43,1.32,1.34,1.14,
1.99,1.44,1.83,1.66,
1.67,1.42,1.89,1.98,
1.9,1.12,1.61,1.23,
1.36,1.75,1.55,1.77,
1.56,1.79,1.42,1.66,
1.53,1.78,1.61,1.26,
1.49,1.86,1.86,1.09,
1.92,1.27,1.4,1.09,
1.17,1.53,1.49,1.59,
1.08,1.73,1.77,1.98,
1.23,1.84,1.6,1.69,
1.9,1.54,1.39,1.76,
1.84,1.67,1.85,1.55,
1.37,1.44,1.56,1.63,
1.33,1.15,1.23,1.2,
1.55,1.20,1.65,1.91,
1.07,1.53,1.53,1.8,
1.12,1.42,1.59,2.03,
1.83,1.27,1.16,1.36,
1.45,1.84,1.28,1.3,
1.45,1.31,1.34,1.2,
1.06,1.88,1.56,2,
1.23,1.18,1.77,1.82,
1.14,1.21,1.73,1.24,
1.75,1.59,1.26,1.61,
1.4,1.50,1.81,1.47,
1.9,1.66,1.56,1.22,
1.99,1.77,1.43,1.23,
1.05,1.10,1.85,2,
1.71,1.59,1.36,1.37,
1.14,1.33,1.37,1.97,
1.69,1.73,1.78,1.15,
1.04,1.66,1.68,1.52,
1.81,1.71,1.79,1.2,
1.03,1.77,1.56,1.08,
1.79,1.33,1.71,1.61,
1.24,1.26,1.61,1.19,
1.3,1.31,1.76,1.77,
1.84,1.65,1.36,1.74,
1.8,1.18,1.13,1.25,
1.41,1.13,1.69,1.97,
1.03,1.85,1.61,1.76,
1.82,1.28,1.76,1.36,
0.99,1.57,1.62,1.75,
1.11,1.38,1.78,1.78,
1.96,1.28,1.58,1.41,
1.56,1.79,1.72,1.44,
1.71,1.25,1.53,1.42,
1.98,1.76,1.22,1.67,
2,1.20,1.18,1.94,
1.33,1.82,1.72,1.24,
1.63,1.10,1.86,1.91,
1.83,1.34,1.42,1.11,
1.39,1.81,1.29,1.71,
1.81,1.16,1.13,1.47,
1.7,1.27,1.76,1.83,
1.71,1.20,1.17,1.77,
1.59,1.12,1.71,1.54,
1.11,1.80,1.85,1.69,
1.16,1.53,1.3,1.56,
1.51,1.10,1.83,1.85,
1.32,1.54,1.62,1.53,
2.01,1.43,1.18,1.58,
1.56,1.50,1.39,1.32,
1.22,1.38,1.25,1.65,
1.1,1.49,1.68,1.37,
1.86,1.15,1.83,1.63,
1.84,1.41,1.86,1.24,
1.09,1.40,1.6,1.23,
1.32,1.11,1.33,1.48,
1.76,1.34,1.48,1.49,
1.61,1.29,1.12,1.33,
1.15,1.67,1.3,1.21,
1.97,1.46,1.3,1.12,
1.47,1.44,1.24,1.1,
1.82,1.50,1.47,1.34,
1.43,1.21,1.18,1.52,
1.04,1.31,1.69,1.77,
1.8,1.85,1.26,1.53,
1.04,1.21,1.43,1.94,
0.96,1.86,1.41,1.11,
1.19,1.38,1.79,1.25,
1.97,1.10,1.34,1.4,
1.53,1.73,1.45,1.63,
1.49,1.42,1.66,1.89,
1.75,1.70,1.11,1.41,
1.74,1.35,1.67,1.33,
1.2,1.26,1.3,1.14,
1.81,1.20,1.55,1.86,
1.48,1.32,1.19,1.44,
1.07,1.59,1.19,1.62,
1.77,1.78,1.56,2.01,
1.36,1.15,1.26,1.08,
1.39,1.62,1.1,1.22,
1.46,1.27,1.48,1.82,
1.74,1.61,1.63,1.84,
2,1.48,1.41,1.81,
1.33,1.27,1.36,1.59,
1.23,1.70,1.44,2.01,
1.07,1.63,1.64,1.46,
1.37,1.40,1.43,1.65,
1.19,1.22,1.44,1.14,
1.63,1.20,1.27,1.47,
1.98,1.55,1.36,1.77,
1.57,1.38,1.16,1.31,
1.99,1.67,1.64,1.98,
1.52,1.36,1.23,1.73,
0.97,1.62,1.35,1.35,
1.6,1.35,1.35,1.81,
1.76,1.49,1.38,1.16,
1.91,1.43,1.29,2.01,
1.59,1.20,1.76,1.13,
1.92,1.14,1.88,1.97,
1.33,1.62,1.85,1.32,
1.42,1.75,1.63,1.8,
1.53,1.15,1.29,1.08,
1.26,1.74,1.57,1.32,
1.21,1.21,1.16,1.79,
1.57,1.36,1.44,1.59,
1.44,1.25,1.23,1.19,
1.6,1.60,1.37,1.45,
1.45,1.39,1.11,1.44,
1.6,1.47,1.36,1.62,
1.95,1.38,1.29,1.71,
0.98,1.73,1.44,1.88,
0.99,1.31,1.69,1.55,
1.74,1.26,1.74,1.45,
1.07,1.28,1.74,1.22,
1.84,1.23,1.83,1.84,
1.53,1.30,1.39,1.76,
1.01,1.14,1.45,1.47,
1.04,1.60,1.66,1.57,
1.02,1.24,1.86,1.71,
1.65,1.86,1.66,1.24,
1.66,1.41,1.85,1.11,
1.65,1.59,1.71,1.38,
1.63,1.50,1.84,1.65,
1.44,1.47,1.16,1.54,
1.24,1.42,1.79,1.74,
1.17,1.79,1.84,1.86,
1.5,1.57,1.22,1.54,
1.38,1.36,1.69,1.21,
1.15,1.86,1.14,1.89,
1.13,1.79,1.13,1.63,
1.41,1.49,1.09,1.78,
1.81,1.81,1.52,1.75,
1.09,1.86,1.76,2,
1.14,1.26,1.66,1.36,
1.75,1.20,1.2,1.75,
0.97,1.09,1.17,1.43,
1.4,1.31,1.37,1.46,
1.14,1.87,1.29,1.3,
1.19,1.73,1.56,1.41,
1.01,1.09,1.35,1.98,
1.73,1.75,1.17,1.36,
1,1.22,1.16,1.31,
0.96,1.86,1.57,1.63,
1.22,1.64,1.53,1.33,
1.47,1.71,1.81,1.53,
1.39,1.55,1.16,1.87,
1.78,1.50,1.58,1.3,
1.19,1.31,1.63,1.49,
2.03,1.24,1.33,1.66,
1.36,1.21,1.21,1.6,
2.02,1.12,1.29,2.01,
1.22,1.24,1.56,1.73,
1.31,1.28,1.39,1.78,
1.33,1.30,1.88,2,
1.23,1.36,1.33,1.47,
1.34,1.69,1.65,1.42,
1.34,1.73,1.42,1.12,
1.67,1.54,1.3,1.25,
1.23,1.82,1.66,1.31,
1.26,1.44,1.59,1.25,
1.97,1.28,1.64,1.8,
1.16,1.74,1.31,1.59,
1.22,1.38,1.36,1.71,
1.58,1.55,1.26,1.86,
1.36,1.77,1.73,1.3,
1.99,1.75,1.78,1.39,
1.88,1.54,1.08,1.75,
1.86,1.68,1.6,1.45,
1.7,1.19,1.63,1.11,
1.4,1.47,1.61,1.49,
1.21,1.57,1.38,1.94,
2,1.31,1.46,1.47,
1.68,1.49,1.8,1.4,
1.84,1.30,1.89,2.02,
1.69,1.76,1.76,1.69,
1.3,1.71,1.44,1.43,
1.5,1.58,1.81,1.18,
1.13,1.77,1.09,1.83,
1.14,1.87,1.29,1.75,
1.62,1.30,1.34,1.96,
1.77,1.36,1.54,1.29,
1.8,1.21,1.12,1.19,
1.35,1.47,1.46,1.77,
1.19,1.73,1.84,1.27,
1.78,1.70,1.21,1.25,
1.56,1.75,1.14,1.38,
1.19,1.41,1.39,1.86,
0.97,1.54,1.22,1.59,
1.26,1.50,1.81,1.12,
1.05,1.41,1.41,1.52,
1.83,1.24,1.2,1.73,
1.73,1.14,1.2,1.59,
1.95,1.77,1.15,1.62,
1.54,1.38,1.44,1.29,
1.25,1.81,1.75,1.89,
1.15,1.73,1.54,1.61,
1.01,1.25,1.13,1.76,
1.94,1.63,1.27,2.01,
1.92,1.18,1.37,1.49,
1.72,1.35,1.69,1.92,
1.15,1.29,1.32,1.09,
1.39,1.21,1.37,1.11,
1.39,1.43,1.41,1.64,
1,1.65,1.63,1.38,
1.48,1.65,1.09,1.32,
1.45,1.52,1.77,1.34,
1.57,1.83,1.86,1.38,
2.03,1.73,1.65,1.77,
1.58,1.13,1.74,1.62,
1.71,1.72,1.28,1.83,
1.68,1.59,1.62,1.87,
1.9,1.48,1.71,1.88,
1.05,1.39,1.36,1.47,
1.16,1.45,1.84,1.48,
1.13,1.77,1.83,1.96,
1.31,1.82,1.33,1.71,
1.03,1.27,1.51,1.16,
1.24,1.28,1.17,1.6,
1.46,1.71,1.75,1.42,
1.19,1.64,1.15,2.02,
1.74,1.63,1.62,1.09,
1.25,1.60,1.85,1.66,
1.7,1.44,1.17,1.77,
1.96,1.57,1.1,1.35,
1.29,1.87,1.18,2,
1.48,1.20,1.21,1.9,
1.06,1.39,1.7,1.95,
1.7,1.35,1.65,1.1,
1.83,1.47,1.23,1.62,
1.88,1.51,1.82,1.36,
1.16,1.23,1.54,1.89,
1.28,1.38,1.7,1.68,
1.75,1.36,1.45,1.59,
1.46,1.34,1.43,1.19,
1.35,1.49,1.27,1.59,
0.96,1.72,1.67,1.68,
1.8,1.38,1.11,1.99,
1.26,1.43,1.82,1.64,
1.2,1.29,1.34,2,
1.4,1.68,1.63,1.99,
1.74,1.51,1.16,1.7,
1.02,1.45,1.16,1.56,
1.07,1.38,1.55,1.52,
1.74,1.65,1.87,1.93,
1.31,1.09,1.23,1.11,
1.78,1.55,1.47,1.19,
1.49,1.61,1.27,1.18,
1.94,1.63,1.72,1.8,
1.69,1.51,1.49,1.4,
1.74,1.37,1.26,1.69,
1.23,1.58,1.6,1.65,
1.53,1.52,1.64,1.45,
1.92,1.65,1.36,1.58,
1.05,1.48,1.1,1.69,
1.52,1.18,1.48,1.97,
1.4,1.38,1.34,1.63,
2.04,1.51,1.81,1.66,
1.1,1.67,1.44,1.14,
1.88,1.80,1.6,1.98,
1.24,1.76,1.45,1.58,
1.22,1.85,1.14,1.84,
1.82,1.86,1.87,1.13,
1.16,1.48,1.58,1.48,
1.9,1.85,1.56,1.32,
1.33,1.70,1.37,1.33,
1.13,1.43,1.74,1.83,
1.94,1.62,1.66,1.67,
1.66,1.80,1.42,1.5,
1.67,1.30,1.74,1.09,
1.15,1.77,1.14,2,
1.88,1.46,1.22,1.99,
1.89,1.77,1.75,1.29,
0.96,1.85,1.35,1.12,
1.32,1.13,1.49,1.58,
1.71,1.71,1.84,1.98,
1.46,1.10,1.54,1.94,
1.81,1.87,1.79,1.64,
1.76,1.54,1.11,1.37,
1.3,1.59,1.31,1.39,
1.77,1.29,1.43,1.93,
1.99,1.85,1.15,1.55,
1.79,1.69,1.1,1.2,
1,1.45,1.22,1.32,
1.72,1.82,1.48,1.34,
1.93,1.87,1.09,1.2,
1.96,1.18,1.59,1.52,
0.99,1.58,1.9,1.95,
1.87,1.19,1.39,1.72,
1.59,1.27,1.43,1.15,
1.38,1.80,1.26,1.09,
1.94,1.84,1.36,1.34,
1.97,1.42,1.33,1.42,
1.88,1.87,1.39,1.82,
1.83,1.73,1.46,2,
1.28,1.82,1.69,1.45,
1.01,1.75,1.2,1.73,
1.87,1.57,1.85,2.03,
1.76,1.30,1.37,1.79,
0.96,1.24,1.53,1.68,
1.42,1.32,1.27,1.15,
1.61,1.32,1.6,1.39,
1.55,1.52,1.3,1.95,
1.28,1.35,1.28,1.27,
1.46,1.87,1.1,1.88,
1.71,1.41,1.11,1.74,
1.69,1.66,1.69,1.43,
1.77,1.76,1.13,1.58,
1.67,1.16,1.17,1.6,
1.91,1.59,1.68,1.76,
1.24,1.71,1.22,1.57,
1.48,1.45,1.37,1.21,
1.63,1.77,1.81,1.81,
1.2,1.26,1.63,1.47,
1.96,1.61,1.89,1.99,
1.22,1.46,1.59,1.35,
1.1,1.66,1.11,1.33,
1.26,1.87,1.65,1.4,
1.35,1.31,1.81,1.62,
1.39,1.82,1.31,1.93,
1.09,1.64,1.42,1.25,
1.41,1.85,1.54,1.35,
1.54,1.81,1.69,1.63,
1.22,1.14,1.09,1.51,
0.99,1.84,1.31,1.5,
1.83,1.83,1.64,1.86,
1.97,1.82,1.42,1.96,
1.63,1.72,1.12,1.54,
1.91,1.81,1.53,1.73,
1.2,1.67,1.13,1.84,
1.58,1.45,1.66,1.57,
1.58,1.48,1.55,1.36,
1.98,1.80,1.84,1.69,
0.97,1.33,1.39,1.64,
1.37,1.59,1.3,1.94,
1.23,1.57,1.25,1.13,
1.93,1.55,1.18,1.94,
1.98,1.11,1.5,1.59,
2.03,1.79,1.15,1.09,
1.24,1.10,1.77,1.41,
1.55,1.69,1.56,1.77,
1.03,1.25,1.16,1.54,
1.81,1.42,1.2,2.01,
1.97,1.59,1.18,1.48,
2.03,1.18,1.21,1.39,
1.95,1.80,1.57,1.86,
1.22,1.32,1.81,1.6,
1.69,1.54,1.75,1.73,
1.6,1.30,1.36,1.85,
1.62,1.24,1.24,1.72,
1.42,1.11,1.32,1.48,
1.81,1.68,1.18,1.2,
1.3,1.55,1.86,1.63,
1.4,1.39,1.71,1.93,
1.65,1.27,1.65,1.48,
1.25,1.57,1.35,1.95,
1.86,1.42,1.12,1.56,
1.5,1.22,1.09,1.67,
1.13,1.39,1.26,1.87,
1.34,1.84,1.8,1.62,
1.31,1.67,1.29,1.17,
0.96,1.69,1.6,2.01,
1.29,1.58,1.6,1.31,
1.12,1.51,1.59,1.75,
1.07,1.31,1.83,1.56,
1.64,1.46,1.81,1.53,
1.57,1.36,1.14,1.31,
1.43,1.21,1.11,1.77,
1.01,1.63,1.63,1.19,
1.94,1.44,1.44,2.02,
1.46,1.23,1.08,1.88,
1.51,1.37,1.33,1.59,
1.98,1.79,1.45,1.48,
1.01,1.85,1.9,1.35,
1.1,1.78,1.33,1.56,
0.99,1.21,1.49,1.92,
1.1,1.18,1.8,1.34,
1.02,1.72,1.59,1.56,
1.82,1.79,1.37,1.3,
1.01,1.15,1.84,1.4,
1.34,1.13,1.69,1.26,
1.93,1.69,1.38,2.02,
1.5,1.51,1.19,1.62,
1.52,1.19,1.43,1.78,
1.73,1.59,1.59,1.17,
1.21,1.67,1.34,1.43,
1.65,1.43,1.32,1.93,
1.2,1.13,1.39,1.16,
1.46,1.63,1.78,1.24,
1.14,1.75,1.45,1.67,
0.98,1.84,1.38,1.67,
1.6,1.55,1.69,1.88,
2.01,1.59,1.7,1.97,
1.32,1.27,1.11,1.21,
1.63,1.79,1.13,1.33,
1.45,1.68,1.1,1.49,
1.94,1.32,1.17,1.08,
1.64,1.58,1.8,1.15,
1.03,1.82,1.25,1.3,
1.8,1.35,1.57,1.54,
1.33,1.48,1.1,1.32,
1.31,1.15,1.22,1.91,
1.98,1.52,1.47,1.39,
1.86,1.68,1.88,1.96,
1.66,1.67,1.24,2.01,
1.46,1.78,1.54,1.51,
1.94,1.47,1.66,1.3,
1.4,1.33,1.48,1.36,
1.98,1.57,1.45,1.82,
1.68,1.16,1.75,1.34,
1.32,1.72,1.35,1.44,
1.06,1.70,1.87,1.53,
1.86,1.81,1.63,1.63,
1.34,1.85,1.26,2.03,
1.46,1.16,1.13,1.3,
1.28,1.54,1.9,1.42,
1.21,1.58,1.18,1.33,
1.48,1.11,1.68,1.42,
0.97,1.39,1.1,1.18,
1.41,1.36,1.9,1.42,
1.85,1.66,1.3,1.92,
1.44,1.49,1.11,1.36,
1.55,1.39,1.47,1.43,
1.93,1.77,1.43,1.98,
1.51,1.16,1.67,1.77,
1.92,1.64,1.9,1.57,
1.9,1.37,1.27,1.82,
1.99,1.44,1.59,1.2,
2.02,1.50,1.17,1.52,
1.51,1.48,1.4,1.19,
1.1,1.13,1.19,1.3,
1.49,1.83,1.58,1.21,
2.04,1.63,1.55,1.42,
1.65,1.64,1.82,1.44,
1.19,1.65,1.77,1.98,
1.43,1.58,1.15,1.33,
1.28,1.30,1.51,1.53,
1.43,1.54,1.83,1.85,
1.88,1.82,1.66,1.85,
1.67,1.38,1.3,1.79,
1.95,1.57,1.57,1.35,
2,1.82,1.3,1.55,
1.51,1.79,1.24,1.26,
1.69,1.25,1.79,1.26,
1.62,1.41,1.69,1.49,
1.39,1.86,1.09,1.78,
1.55,1.24,1.2,1.58,
1.45,1.45,1.77,1.92,
1.19,1.32,1.8,1.87,
1.29,1.15,1.45,1.11,
1.94,1.71,1.77,1.62,
1.51,1.78,1.31,1.66,
1.03,1.67,1.58,1.99,
1.56,1.52,1.71,1.1,
2.02,1.50,1.6,1.58,
1.99,1.29,1.51,1.27,
1.13,1.38,1.22,1.13,
1.37,1.15,1.39,1.64,
1.06,1.34,1.35,1.81,
1.8,1.41,1.81,1.82,
1.62,1.26,1.86,1.11,
1.24,1.23,1.39,1.47,
1.55,1.84,1.63,1.12,
1.53,1.28,1.68,1.32,
1.87,1.46,1.59,1.26,
1.47,1.15,1.64,1.28,
1.89,1.70,1.09,1.4,
1.13,1.57,1.85,1.34,
1.65,1.51,1.7,1.99,
1.14,1.72,1.67,1.41,
1.66,1.65,1.87,1.93,
0.95,1.25,1.65,1.25,
1.2,1.36,1.13,1.81,
1.82,1.35,1.57,1.14,
1.85,1.10,1.6,1.52,
1.84,1.78,1.62,1.09,
1.21,1.52,1.1,1.85,
1.46,1.68,1.38,1.98,
1.38,1.23,1.44,1.11,
1.62,1.70,1.57,1.97,
1.64,1.73,1.68,1.82,
1.8,1.83,1.88,1.42,
1.93,1.59,1.53,1.94,
1.83,1.40,1.21,1.36,
1.83,1.54,1.33,1.47,
1.16,1.44,1.3,1.17,
1.01,1.14,1.8,1.7,
1.14,1.21,1.17,1.11,
1.99,1.72,1.76,1.54,
1.28,1.64,1.65,1.73,
1.95,1.13,1.28,1.86,
1.09,1.63,1.35,1.22,
1.97,1.55,1.17,1.8,
1.5,1.76,1.37,1.76,
1.29,1.15,1.43,1.61,
1.93,1.54,1.82,1.64,
1,1.64,1.79,1.17,
1.06,1.19,1.61,1.65,
1.49,1.64,1.86,1.44,
1.6,1.29,1.35,1.9,
1.23,1.83,1.82,1.38,
1.95,1.75,1.43,1.63,
1.33,1.68,1.39,1.49,
1.12,1.15,1.82,1.91,
1.81,1.27,1.57,1.32,
1.35,1.81,1.65,1.15,
1.74,1.34,1.23,1.79,
1.57,1.41,1.47,1.47,
1.75,1.61,1.33,1.64,
1.32,1.80,1.41,1.11,
2.04,1.44,1.61,1.98,
1.13,1.71,1.39,1.91,
1.56,1.34,1.13,1.67,
1.69,1.80,1.2,1.1,
1.2,1.64,1.48,1.44,
1.69,1.12,1.61,2.01,
1.02,1.14,1.09,1.73,
1.15,1.56,1.11,1.23,
1.12,1.72,1.52,1.52,
1.29,1.52,1.71,2,
1.33,1.72,1.17,1.59,
1.2,1.61,1.08,1.1,
1.19,1.22,1.17,1.67,
1.79,1.15,1.72,1.34,
1.37,1.61,1.75,1.17,
1.44,1.16,1.86,1.46,
1.37,1.70,1.58,1.61,
2.03,1.79,1.57,1.1,
2.01,1.78,1.66,1.61,
1.72,1.77,1.7,1.57,
1.21,1.10,1.83,1.83,
1.32,1.24,1.66,1.48,
1.73,1.24,1.34,1.61,
1.95,1.12,1.12,1.78,
1.79,1.57,1.16,1.93,
2.03,1.23,1.15,1.44,
1.44,1.46,1.51,1.65,
1.79,1.48,1.83,1.74,
1.92,1.63,1.85,1.12,
1.44,1.30,1.66,1.84,
1.53,1.84,1.56,1.44,
1.47,1.20,1.31,1.72,
1.99,1.72,1.37,1.53,
1.03,1.70,1.59,1.75,
1.26,1.56,1.77,1.77,
1.15,1.73,1.68,1.26,
1.43,1.32,1.2,1.71,
1.24,1.77,1.85,1.89,
1.85,1.86,1.88,1.3,
1.01,1.43,1.75,1.8,
1.5,1.40,1.54,1.68,
1.03,1.78,1.54,1.99,
1.5,1.21,1.11,1.33,
1.11,1.26,1.58,1.23,
1.49,1.33,1.23,1.38,
1.07,1.70,1.63,1.33,
1.73,1.46,1.73,1.8,
1.23,1.80,1.17,1.78,
1.9,1.79,1.66,1.72,
1.24,1.29,1.11,1.29,
1.91,1.65,1.31,1.9,
1.42,1.80,1.85,1.99,
1.88,1.21,1.8,1.59,
1.16,1.11,1.83,1.7,
1.29,1.24,1.18,1.56,
1.02,1.79,1.85,1.35,
1.67,1.82,1.75,1.35,
1.47,1.59,1.16,1.38,
1.46,1.80,1.67,1.26,
0.96,1.75,1.34,1.94,
1.73,1.59,1.44,1.9,
1.83,1.71,1.87,1.52,
1.57,1.19,1.76,1.43,
1.35,1.64,1.58,1.97,
1.94,1.36,1.65,1.29,
1.97,1.73,1.65,1.61,
1.28,1.49,1.17,1.13,
1.8,1.12,1.13,1.26,
1.02,1.21,1.44,1.65,
1.42,1.76,1.54,1.71,
1.73,1.33,1.4,1.63,
1.33,1.28,1.41,1.91,
1.94,1.42,1.6,2.02,
1.19,1.11,1.7,1.81,
1.5,1.45,1.18,1.52,
1.48,1.29,1.69,1.87,
1.47,1.26,1.31,1.19,
0.96,1.51,1.79,1.73,
1,1.54,1.82,1.57,
0.96,1.73,1.31,1.25,
1.98,1.86,1.45,2,
2,1.25,1.32,1.4,
1.33,1.28,1.25,1.66,
1.21,1.83,1.46,1.91,
1.36,1.56,1.42,1.56,
1.86,1.40,1.53,1.19,
1.54,1.39,1.64,1.86,
1.67,1.64,1.41,1.42,
1.68,1.29,1.85,2.01,
0.98,1.32,1.48,1.92,
1.13,1.47,1.72,1.89,
1.79,1.47,1.24,1.42,
2.02,1.16,1.68,1.8,
1.09,1.72,1.27,2.02,
1.44,1.58,1.46,1.58,
1.45,1.10,1.79,1.53,
1.84,1.39,1.58,1.09,
1.56,1.87,1.61,1.75,
1.46,1.26,1.41,1.9,
2.02,1.60,1.84,1.32,
1.09,1.17,1.56,1.38,
1.31,1.86,1.88,1.56,
1.13,1.84,1.2,1.15,
1.27,1.52,1.7,1.17,
1.45,1.79,1.78,1.48,
1.34,1.31,1.64,1.33,
1.88,1.40,1.42,1.47,
1.48,1.24,1.7,1.51,
1.86,1.84,1.83,2.01,
1.85,1.57,1.84,1.98,
1.3,1.13,1.8,1.21,
1.77,1.87,1.42,1.92,
1.33,1.65,1.23,1.16,
1.68,1.66,1.65,1.56,
2.04,1.13,1.28,1.24,
1.92,1.57,1.49,1.43,
2,1.42,1.13,1.79,
1.13,1.17,1.61,1.48,
1.41,1.76,1.89,1.85,
1.13,1.18,1.81,1.76,
1.65,1.79,1.12,1.98,
0.99,1.61,1.42,1.59,
1.25,1.38,1.61,1.84,
1.57,1.29,1.39,1.39,
1.44,1.75,1.13,1.41,
1.5,1.30,1.36,1.46,
1.61,1.41,1.64,1.47,
1.84,1.75,1.5,1.18,
1.2,1.45,1.46,1.57,
1.42,1.52,1.3,1.17,
0.96,1.32,1.47,1.93,
1.94,1.13,1.74,1.14,
1.4,1.37,1.67,1.51,
2.01,1.52,1.73,1.35,
1.57,1.58,1.85,1.23,
1.72,1.14,1.33,1.82,
1.7,1.60,1.39,1.76,
1.44,1.52,1.3,1.22,
1.44,1.13,1.27,1.68,
1.56,1.44,1.09,1.83,
1.75,1.37,1.13,1.81,
1.82,1.61,1.29,1.17,
1.89,1.41,1.65,1.73,
1.24,1.67,1.6,1.76,
1.33,1.83,1.58,1.9,
1.5,1.48,1.62,1.56,
1.83,1.29,1.64,1.52,
1.92,1.70,1.67,2,
1.79,1.85,1.26,1.84,
1.64,1.37,1.09,1.61,
1.46,1.35,1.37,1.39,
1.95,1.59,1.8,1.88,
1.58,1.72,1.4,1.51,
1.62,1.50,1.27,1.17,
1.2,1.48,1.74,1.51,
1.11,1.73,1.18,1.91,
1.85,1.18,1.66,1.51,
1.03,1.75,1.63,1.09,
1.42,1.58,1.5,1.66,
1.03,1.85,1.36,2.03,
1.13,1.67,1.2,1.86,
1.57,1.66,1.9,1.67,
2,1.84,1.8,1.95,
1.32,1.81,1.79,1.85,
1.46,1.86,1.77,1.55,
1.91,1.55,1.59,1.64,
1.33,1.39,1.86,1.77,
1.49,1.30,1.66,1.88,
1.56,1.82,1.42,1.14,
1.84,1.16,1.1,1.82,
1.89,1.19,1.41,1.51,
1.86,1.19,1.22,1.71,
1.32,1.86,1.85,1.81,
1.47,1.63,1.2,1.59,
1.25,1.65,1.68,1.23,
1.83,1.15,1.65,1.47,
1.92,1.69,1.51,1.15,
1.49,1.19,1.38,1.73,
1.32,1.26,1.52,1.99,
1.04,1.12,1.8,1.84,
1.11,1.59,1.46,1.45,
1.78,1.73,1.69,1.64,
2,1.20,1.32,1.37,
1.65,1.77,1.15,1.59,
1.77,1.10,1.6,1.37,
1.25,1.31,1.85,1.78,
1.98,1.77,1.19,1.33,
1.29,1.25,1.87,2,
1.81,1.54,1.08,1.71,
1.4,1.36,1.4,1.15,
1.43,1.33,1.31,1.09,
1.04,1.25,1.71,2.03,
1.51,1.31,1.83,1.29,
1.21,1.27,1.86,1.38,
1.24,1.09,1.38,1.28,
1.58,1.69,1.56,1.96,
1.51,1.72,1.27,1.7,
1.52,1.36,1.2,1.56,
1.76,1.50,1.14,1.61,
1.36,1.86,1.17,1.38,
1.54,1.14,1.27,1.66,
1.3,1.41,1.85,1.48,
1.65,1.63,1.19,1.27,
1.75,1.62,1.8,1.7,
1.78,1.22,1.74,1.44,
1.02,1.48,1.37,1.83,
1.27,1.63,1.81,1.47,
1.36,1.47,1.4,1.56,
1.37,1.63,1.26,1.83,
1.15,1.31,1.89,1.51,
1.26,1.46,1.53,2,
1.54,1.81,1.31,1.83,
1.46,1.18,1.53,1.87,
1.58,1.64,1.61,1.99,
1.09,1.68,1.39,1.45,
2,1.18,1.71,1.63,
1.72,1.78,1.14,1.74,
1.63,1.74,1.16,1.72,
1.02,1.49,1.47,1.99,
1.32,1.63,1.48,1.35,
1.24,1.74,1.84,1.36,
1.03,1.30,1.1,1.95,
1.64,1.55,1.46,1.84,
1.61,1.10,1.23,1.27,
1.87,1.14,1.34,1.62,
1.48,1.75,1.4,1.79,
1.14,1.59,1.4,1.42,
1.55,1.23,1.37,1.49,
1.1,1.11,1.6,1.63,
1.42,1.25,1.46,1.52,
1.33,1.76,1.9,1.8,
1.43,1.50,1.27,1.09,
1.23,1.23,1.8,1.49,
1.97,1.16,1.23,1.4,
1.94,1.16,1.39,1.66,
1.75,1.28,1.17,1.82,
1.17,1.25,1.8,1.15,
1.29,1.17,1.51,1.23,
1.72,1.47,1.19,1.71,
1.32,1.56,1.25,1.78,
1.14,1.54,1.81,1.64,
1.84,1.43,1.59,2.01,
1.08,1.78,1.66,1.55,
1.9,1.57,1.48,1.21,
1.99,1.15,1.76,1.73,
1.16,1.25,1.21,1.65,
1.87,1.15,1.81,1.64,
1.72,1.70,1.5,1.6,
1.43,1.16,1.82,1.97,
1.25,1.59,1.82,1.2,
1.74,1.64,1.84,1.15,
1.45,1.50,1.42,1.23,
1.13,1.55,1.11,1.31,
1.33,1.42,1.37,1.64,
0.97,1.52,1.38,1.66,
0.97,1.42,1.27,1.3,
1.21,1.63,1.32,1.54,
1.58,1.58,1.88,1.54,
1.43,1.67,1.14,1.51,
2.01,1.79,1.39,1.84,
1.53,1.58,1.32,1.53,
1.56,1.25,1.27,1.8,
1,1.45,1.51,1.24,
1.84,1.29,1.79,1.59,
1.53,1.52,1.68,1.86,
1.33,1.81,1.53,1.25,
1.57,1.14,1.09,1.52,
1.86,1.33,1.35,1.66,
1.59,1.35,1.3,1.26,
2.03,1.80,1.16,1.8,
1.19,1.40,1.82,1.16,
1.05,1.33,1.89,1.98,
1.64,1.35,1.23,1.52,
1.47,1.66,1.31,1.4,
1.73,1.84,1.09,1.19,
0.97,1.66,1.68,1.49,
1.64,1.66,1.73,1.71,
1.26,1.27,1.12,1.17,
1.91,1.28,1.14,1.37,
2.02,1.27,1.11,1.87,
1.86,1.39,1.11,1.69,
1.45,1.16,1.34,1.28,
1.96,1.73,1.84,1.23,
1.75,1.39,1.1,1.94,
1.62,1.50,1.14,1.35,
1.81,1.81,1.53,1.25,
1.51,1.79,1.81,2.03,
1.31,1.86,1.15,1.37,
1.67,1.47,1.72,1.2,
2.03,1.21,1.84,1.52,
1.09,1.15,1.12,1.49,
1.92,1.54,1.52,1.96,
1.36,1.66,1.52,1.21,
1.21,1.62,1.62,1.17,
1.01,1.44,1.86,1.17,
1.04,1.20,1.69,1.94,
1.44,1.36,1.79,1.51,
1.08,1.17,1.24,1.22,
1.53,1.72,1.52,1.64,
1.46,1.20,1.42,1.59,
1.62,1.61,1.46,1.27,
1.55,1.85,1.15,1.65,
1.28,1.72,1.55,1.4,
1.33,1.13,1.45,1.31,
1.97,1.51,1.87,1.56,
1.99,1.88,1.15,1.36,
1.15,1.52,1.51,1.29,
1.72,1.85,1.12,1.92,
1.97,1.49,1.52,1.23,
1.98,1.65,1.87,1.35,
1.39,1.15,1.34,1.45,
1.03,1.25,1.28,1.34,
1.95,1.12,1.89,1.28,
1.15,1.82,1.44,1.81,
1.23,1.48,1.67,1.39,
1.35,1.65,1.33,1.19,
1.2,1.19,1.39,1.59,
1.96,1.61,1.86,1.2,
1.24,1.52,1.29,1.42,
1.33,1.66,1.8,1.92,
1.92,1.88,1.78,1.43,
1.61,1.14,1.14,1.68,
1.84,1.30,1.44,1.57,
1.87,1.19,1.41,1.21,
1,1.09,1.35,1.7,
1.43,1.46,1.9,1.89,
1.57,1.74,1.34,1.17,
1.66,1.20,1.43,1.8,
1.25,1.22,1.74,1.74,
1.06,1.22,1.69,1.9,
1.45,1.80,1.26,1.18,
2,1.49,1.77,1.37,
1.6,1.77,1.3,1.74,
1.07,1.14,1.61,1.1,
1.02,1.80,1.28,1.78,
1.88,1.42,1.24,1.9,
1.04,1.25,1.19,1.51,
0.95,1.31,1.88,1.49,
1.86,1.79,1.51,1.34,
1.12,1.53,1.62,1.08,
0.99,1.65,1.59,1.26,
1.37,1.82,1.1,2.01,
1.59,1.81,1.45,1.9,
1,1.52,1.59,1.33,
1.83,1.79,1.33,2,
0.96,1.43,1.86,1.43,
1.85,1.17,1.2,1.36,
1.53,1.86,1.09,1.23,
1.58,1.20,1.32,1.94,
1.29,1.76,1.51,2.02,
1.89,1.29,1.83,1.39,
0.98,1.16,1.84,1.75,
1.71,1.85,1.4,1.4,
1.87,1.68,1.8,1.18,
1.72,1.88,1.56,1.45,
1.98,1.78,1.66,1.6,
1.97,1.29,1.52,1.2,
1.29,1.29,1.81,1.86,
1.94,1.42,1.51,1.55,
1.13,1.09,1.16,1.3,
1.58,1.13,1.56,1.64,
2.02,1.48,1.72,1.83,
1.86,1.29,1.58,1.39,
1.68,1.83,1.46,1.75,
1.92,1.71,1.47,1.49,
2.01,1.78,1.61,2,
1.12,1.34,1.84,1.81,
2.02,1.24,1.69,1.42,
1.29,1.34,1.82,1.1,
1.73,1.81,1.29,1.7,
1.65,1.65,1.62,1.27,
1.82,1.81,1.87,1.2,
1.25,1.27,1.51,1.97,
1.13,1.81,1.17,2.03,
1.94,1.27,1.28,1.34,
1.78,1.53,1.44,1.37,
1.79,1.34,1.18,1.24,
1.59,1.65,1.16,1.51,
1.85,1.73,1.27,1.9,
1.13,1.43,1.44,1.75,
1.8,1.41,1.53,1.88,
1.27,1.60,1.54,1.3,
1.82,1.78,1.14,1.77,
1.39,1.79,1.86,1.95,
1.85,1.80,1.52,1.35,
1.99,1.77,1.63,1.74,
1.35,1.70,1.33,1.46,
1.3,1.50,1.31,1.36,
2.03,1.28,1.38,2,
1.85,1.69,1.55,1.41,
1.85,1.76,1.12,1.18,
1.07,1.28,1.74,1.45,
1.02,1.60,1.34,1.51,
1.72,1.54,1.71,1.79,
1.55,1.13,1.69,1.98,
1.85,1.22,1.38,1.86,
1.88,1.46,1.55,1.96,
1.64,1.39,1.47,1.53,
1.75,1.80,1.56,1.76,
1,1.38,1.22,1.37,
1.34,1.72,1.12,1.15,
1.22,1.73,1.35,1.43,
1.89,1.78,1.42,1.74,
1,1.39,1.78,1.34,
1.86,1.45,1.86,1.9,
1.29,1.67,1.22,1.83,
1.99,1.44,1.38,1.26,
1.4,1.56,1.39,1.39,
1.32,1.53,1.6,1.86,
1.02,1.55,1.53,1.31,
1.68,1.39,1.87,1.4,
1.18,1.21,1.48,1.41,
1.94,1.17,1.81,1.84,
1.9,1.63,1.22,1.12,
1.64,1.85,1.81,1.15,
1.46,1.35,1.68,1.63,
1.71,1.38,1.35,1.46,
1.98,1.67,1.52,1.68,
1.12,1.43,1.32,1.33,
1.86,1.11,1.47,1.94,
1.51,1.58,1.55,1.8,
1.12,1.20,1.57,1.14,
1.17,1.64,1.74,1.82,
1.2,1.61,1.47,2,
1.67,1.51,1.11,1.98,
1.28,1.45,1.87,1.78,
1.97,1.47,1.19,1.2,
1.73,1.84,1.82,1.63,
1.58,1.53,1.39,1.35,
1.68,1.34,1.23,2,
1.3,1.34,1.41,1.76,
1.22,1.75,1.16,1.66,
1.08,1.72,1.24,1.74,
1.89,1.40,1.56,1.5,
1.97,1.21,1.63,1.43,
1.58,1.79,1.72,1.97,
1.36,1.27,1.1,1.4,
1.67,1.50,1.75,1.12,
1.02,1.73,1.18,1.46,
1.33,1.31,1.2,1.83,
1.1,1.22,1.85,1.7,
1.84,1.58,1.52,1.99,
1.72,1.21,1.58,1.18,
1.86,1.14,1.83,1.95,
1.18,1.28,1.56,1.43,
1.81,1.72,1.22,1.53,
1.24,1.57,1.61,1.49,
1.04,1.79,1.26,1.19,
1.61,1.12,1.59,1.32,
0.99,1.69,1.75,1.79,
1.67,1.37,1.81,1.1,
1.54,1.31,1.85,1.21,
1.94,1.48,1.77,1.1,
1.74,1.61,1.84,1.89,
1.78,1.34,1.42,1.67,
1.79,1.62,1.74,1.24,
1.28,1.49,1.57,1.81,
1.33,1.18,1.5,2,
1.96,1.34,1.71,1.97,
1.55,1.45,1.13,1.96,
1.74,1.82,1.78,1.09,
1.73,1.86,1.84,1.64,
1.18,1.66,1.52,1.32,
1.08,1.41,1.46,1.62,
1.8,1.51,1.53,1.38,
1.14,1.64,1.51,1.23,
1.3,1.83,1.35,1.5,
1.56,1.14,1.34,1.55,
1.57,1.73,1.6,2.02,
1.29,1.18,1.23,1.12,
1.27,1.25,1.25,1.37,
1.18,1.36,1.31,1.89,
1.25,1.48,1.7,1.71,
1.9,1.30,1.15,1.87,
1.09,1.49,1.41,1.71,
1.44,1.42,1.48,1.8,
1.07,1.41,1.6,1.55,
1.88,1.36,1.09,1.27,
1.5,1.80,1.52,1.85,
0.96,1.78,1.63,1.62,
1.21,1.31,1.67,1.21,
1.59,1.65,1.24,1.84,
1.42,1.62,1.75,1.99,
1.91,1.55,1.82,1.41,
1.84,1.24,1.4,1.36,
1.15,1.69,1.19,1.16,
1.45,1.46,1.54,1.71,
1.28,1.82,1.09,1.99,
1,1.68,1.72,1.21,
1.52,1.68,1.42,1.54,
0.99,1.50,1.68,1.17,
1.41,1.10,1.51,1.11,
1.95,1.82,1.32,1.71,
1.16,1.22,1.16,1.9,
1.09,1.59,1.4,1.4,
1.53,1.10,1.72,1.91,
1.86,1.48,1.09,1.19,
0.96,1.60,1.6,1.31,
0.97,1.67,1.39,1.94,
1.38,1.86,1.21,1.56,
1.5,1.32,1.78,1.66,
1.86,1.83,1.1,1.12,
0.97,1.17,1.11,1.2,
1.59,1.16,1.54,1.13,
1.11,1.87,1.13,1.94,
1.66,1.30,1.87,1.21,
1.03,1.55,1.51,1.89,
1.64,1.36,1.32,1.41,
1.45,1.56,1.52,1.84,
1.71,1.12,1.72,1.43,
1.43,1.55,1.66,1.33,
1.1,1.22,1.8,1.17,
1.79,1.36,1.58,1.35,
1.95,1.31,1.25,1.53,
1.19,1.72,1.53,1.86,
1.41,1.80,1.58,1.51,
1.62,1.19,1.54,2,
1.62,1.63,1.43,1.59,
1.79,1.22,1.6,1.1,
1.63,1.47,1.34,1.47,
1.48,1.25,1.1,1.73,
1.04,1.72,1.61,1.3,
1.56,1.11,1.9,1.74,
1.56,1.59,1.37,1.56,
1.16,1.10,1.52,1.1,
1.72,1.46,1.4,1.82,
1.64,1.85,1.7,1.61,
1.07,1.86,1.31,1.16,
1.95,1.12,1.6,1.53,
1.02,1.78,1.77,1.35,
1,1.76,1.43,1.92,
1.3,1.75,1.09,1.35,
1.79,1.44,1.49,1.97,
1.56,1.15,1.36,1.6,
1.08,1.13,1.22,1.39,
1.84,1.48,1.81,1.85,
1.52,1.62,1.83,1.74,
1.56,1.54,1.56,1.47,
1.52,1.56,1.5,1.68,
1.91,1.66,1.36,1.82,
1.12,1.63,1.74,1.89,
1.97,1.79,1.31,1.86,
1.53,1.74,1.75,1.24,
1.21,1.39,1.64,1.87,
1.24,1.35,1.81,1.14,
1.96,1.39,1.79,1.27,
1.4,1.79,1.14,1.67,
1.12,1.32,1.36,1.19,
1.03,1.54,1.46,1.65,
1.19,1.70,1.43,1.37,
1.21,1.29,1.62,1.49,
1.18,1.48,1.35,1.38,
0.96,1.49,1.77,1.15,
1.19,1.88,1.42,1.56,
1.45,1.42,1.59,2,
2.04,1.39,1.46,1.66,
1.76,1.19,1.1,1.37,
1.39,1.79,1.75,1.99,
2.03,1.70,1.08,1.45,
1.97,1.57,1.12,1.74,
1.78,1.34,1.55,1.68,
1.17,1.19,1.43,1.99,
1.78,1.12,1.64,1.95,
0.99,1.44,1.71,1.22,
1.41,1.75,1.12,1.16,
1.33,1.66,1.52,1.85,
1.84,1.49,1.33,1.94,
1.55,1.78,1.82,1.55,
1.14,1.72,1.59,1.74,
0.97,1.79,1.1,1.15,
1.94,1.58,1.28,1.29,
1.1,1.09,1.27,1.22,
1.66,1.70,1.45,1.65,
1.46,1.12,1.41,1.27,
1.31,1.60,1.48,1.14,
1.17,1.77,1.41,1.37,
0.95,1.10,1.71,1.72,
1.64,1.85,1.14,1.63,
1.6,1.82,1.47,1.39,
1.36,1.80,1.56,1.87,
1.65,1.82,1.71,1.34,
1.14,1.47,1.15,1.33,
1.88,1.74,1.35,1.61,
1.46,1.50,1.2,1.53,
1.64,1.81,1.28,1.5,
1.9,1.13,1.36,1.23,
1.8,1.39,1.79,1.56,
1.33,1.17,1.48,1.33,
1.09,1.19,1.83,1.45,
1.66,1.13,1.41,1.78,
1.97,1.78,1.46,1.97,
1,1.11,1.54,1.82,
1.48,1.36,1.27,1.47,
1.03,1.13,1.48,1.64,
1.1,1.09,1.8,1.79,
1.06,1.48,1.57,1.47,
1.5,1.62,1.52,1.42,
1.73,1.38,1.71,1.21,
1.68,1.36,1.64,1.78,
1.57,1.68,1.76,1.88,
1.7,1.31,1.61,1.38,
1.95,1.78,1.53,1.82,
1.97,1.56,1.47,1.66,
1.83,1.58,1.72,1.82,
1.66,1.12,1.76,1.47,
1.76,1.85,1.55,1.79,
1.04,1.83,1.46,1.47,
1.96,1.78,1.78,1.16,
1.38,1.47,1.38,1.6,
1.26,1.72,1.58,1.51,
1.89,1.35,1.87,1.32,
1.51,1.78,1.79,1.93,
1.12,1.48,1.43,1.44,
1.15,1.47,1.88,1.12,
1.08,1.60,1.3,1.44,
1.59,1.22,1.83,1.48,
2.04,1.56,1.8,1.9,
1.49,1.72,1.1,1.84,
2.03,1.72,1.8,1.27,
1.97,1.57,1.88,1.88,
0.95,1.21,1.22,1.32,
1.42,1.71,1.71,1.4,
2,1.52,1.83,1.15,
1.17,1.47,1.85,1.13,
1.08,1.80,1.81,1.73,
1.16,1.75,1.77,1.96,
1.92,1.78,1.72,1.55,
1.83,1.33,1.36,1.88,
1.13,1.36,1.72,1.83,
1.94,1.39,1.81,1.71,
1.54,1.22,1.25,2.01,
1.4,1.35,1.2,1.84,
1.4,1.54,1.23,1.34,
1.45,1.27,1.13,1.83,
1.71,1.59,1.61,1.74,
1.53,1.35,1.33,1.46,
1.84,1.79,1.5,1.15,
1.6,1.82,1.49,1.28,
1.33,1.62,1.87,1.84,
2.01,1.31,1.75,1.32,
1.38,1.65,1.27,2.03,
1.14,1.35,1.4,1.74,
1.23,1.78,1.23,1.53,
1.59,1.27,1.36,1.62,
1.49,1.31,1.7,1.66,
0.97,1.61,1.39,2,
1.91,1.71,1.21,1.23,
1.94,1.14,1.09,1.34,
1.97,1.27,1.54,1.75,
1.1,1.40,1.13,1.31,
1.06,1.64,1.17,1.91,
1.6,1.54,1.55,1.41,
1.4,1.48,1.09,1.25,
1.5,1.75,1.56,1.13,
1.14,1.23,1.5,1.65,
1.62,1.68,1.81,1.86,
1.51,1.28,1.43,1.34,
1.33,1.50,1.53,1.95,
1.55,1.29,1.87,1.8,
1.23,1.53,1.5,1.14,
1.79,1.64,1.43,1.62,
1.02,1.14,1.21,1.62,
1.87,1.77,1.8,1.27,
1,1.46,1.55,1.4,
1.09,1.21,1.45,1.52,
1.64,1.56,1.82,1.13,
1.62,1.62,1.52,1.22,
1.56,1.73,1.63,1.24,
1.16,1.22,1.72,1.44,
1.88,1.36,1.4,1.79,
1.69,1.60,1.25,1.87,
2.02,1.15,1.66,1.23,
1.3,1.17,1.89,1.79,
1.88,1.09,1.69,1.72,
1.82,1.58,1.71,1.93,
1.2,1.47,1.7,2,
1.84,1.18,1.42,1.2,
0.98,1.72,1.38,1.16,
1.58,1.53,1.4,1.84,
1.47,1.51,1.87,1.23,
1.85,1.23,1.17,1.26,
1.2,1.59,1.89,1.92,
1.74,1.36,1.6,1.97,
1.41,1.88,1.68,1.38,
1.05,1.41,1.35,1.88,
2,1.50,1.65,1.9,
1.49,1.25,1.19,1.66,
1.83,1.49,1.58,1.62,
1.66,1.27,1.25,1.63,
1.11,1.73,1.16,1.37,
1.57,1.22,1.1,1.67,
1.99,1.25,1.46,1.31,
1.69,1.53,1.54,1.25,
1.06,1.42,1.88,1.47,
1.38,1.56,1.84,1.75,
1.47,1.64,1.75,1.67,
1.64,1.32,1.44,2,
1.04,1.13,1.58,1.69,
1.36,1.76,1.13,1.21,
1.69,1.69,1.74,1.23,
1.39,1.13,1.68,1.17,
1.33,1.11,1.6,1.26,
1.15,1.50,1.35,1.65,
1.79,1.36,1.23,1.88,
1.17,1.57,1.65,1.93,
1.6,1.10,1.55,1.46,
0.97,1.57,1.19,1.61,
1.38,1.50,1.08,1.85,
1.46,1.72,1.1,1.38,
1.36,1.42,1.86,1.65,
1.87,1.64,1.15,1.25,
1.83,1.58,1.69,1.53,
1.39,1.62,1.55,1.24,
1.44,1.36,1.74,1.52,
1.75,1.70,1.62,1.46,
0.99,1.42,1.13,1.49,
2.02,1.62,1.15,1.31,
1.77,1.49,1.08,1.21,
1.85,1.56,1.5,1.34,
1.85,1.28,1.58,1.31,
1.72,1.45,1.33,1.78,
1.38,1.62,1.22,1.76,
1.75,1.36,1.76,1.64,
1.04,1.55,1.25,1.17,
1.55,1.27,1.7,1.62,
1.83,1.63,1.79,1.16,
1.33,1.83,1.85,1.1,
1.22,1.42,1.16,1.41,
1.92,1.45,1.12,1.31,
1.92,1.81,1.57,1.64,
1.47,1.70,1.58,1.96,
1.16,1.25,1.15,1.76,
1.36,1.71,1.65,1.81,
1.15,1.35,1.55,1.98,
2,1.86,1.25,1.68,
1.86,1.29,1.62,1.63,
1.49,1.56,1.27,1.65,
1.9,1.48,1.53,1.9,
1.49,1.49,1.78,1.45,
1.42,1.43,1.51,1.84,
1.76,1.84,1.48,1.7,
1.02,1.77,1.65,1.37,
1.14,1.29,1.82,1.09,
1.53,1.66,1.55,1.28,
1.16,1.84,1.22,1.74,
1.26,1.31,1.7,1.63,
1.52,1.12,1.15,1.34,
1.07,1.12,1.42,1.49,
1.38,1.67,1.57,1.71,
1.48,1.80,1.69,1.2,
1.54,1.32,1.79,1.49,
1.43,1.67,1.51,1.48,
1.03,1.20,1.57,1.6,
1.38,1.33,1.19,1.58,
1.45,1.63,1.86,1.43,
1.51,1.41,1.09,1.8,
2.01,1.60,1.54,1.14,
1.83,1.21,1.55,1.11,
1.37,1.21,1.76,1.48,
1.29,1.75,1.16,1.93,
1.45,1.64,1.31,1.34,
1.19,1.18,1.54,1.24,
1.45,1.33,1.26,1.96,
1.09,1.40,1.17,1.24,
1.45,1.25,1.54,1.44,
1.93,1.61,1.47,1.77,
0.98,1.44,1.76,1.33,
1.38,1.65,1.76,1.3,
1.8,1.18,1.2,1.46,
1.21,1.68,1.32,1.83,
1.6,1.21,1.28,1.95,
1.1,1.47,1.63,1.11,
1.11,1.09,1.3,1.24,
1.6,1.84,1.51,1.99,
1.56,1.87,1.81,1.64,
0.99,1.34,1.76,1.6,
1.98,1.76,1.38,1.85,
2,1.55,1.81,1.12,
1.66,1.17,1.46,1.09,
1.1,1.34,1.31,2,
1.23,1.37,1.42,1.87,
1.54,1.52,1.89,1.79,
1.81,1.40,1.11,1.23,
1.48,1.74,1.63,1.53,
1.83,1.63,1.69,1.97,
1.45,1.54,1.26,1.97,
1.12,1.49,1.81,1.09,
1.52,1.71,1.35,1.79,
1.56,1.55,1.12,1.09,
1.25,1.65,1.21,2.02,
1.12,1.21,1.71,1.48,
1.59,1.60,1.15,2,
1.91,1.13,1.31,1.43,
2.01,1.46,1.19,1.36,
1.92,1.62,1.78,1.38,
1.79,1.29,1.33,1.77,
1.68,1.33,1.26,1.27,
1.32,1.51,1.6,1.9,
1.96,1.51,1.67,1.64,
1.71,1.45,1.2,2,
1.6,1.39,1.21,2.02,
1.2,1.87,1.7,1.26,
1.26,1.67,1.74,1.99,
1.95,1.24,1.11,1.12,
1.77,1.15,1.81,1.11,
1.62,1.20,1.63,1.98,
1.68,1.68,1.75,1.99,
1.47,1.68,1.31,1.22,
1.05,1.14,1.31,1.5,
1.82,1.74,1.23,1.55,
1.88,1.56,1.09,1.9,
1.23,1.71,1.76,1.68,
1.33,1.34,1.51,1.82,
1.55,1.21,1.62,1.54,
1.16,1.77,1.51,1.7,
1.43,1.60,1.72,1.78,
1.41,1.19,1.33,1.78,
1.34,1.71,1.13,1.08,
0.99,1.72,1.46,1.17,
1.89,1.74,1.74,1.43,
1.47,1.83,1.31,1.14,
2.04,1.68,1.23,1.44,
1.33,1.76,1.36,1.45,
1.92,1.45,1.69,1.95,
1.7,1.33,1.71,1.62,
1.29,1.51,1.26,1.75,
1.83,1.48,1.59,1.92,
1.3,1.56,1.3,1.5,
1.83,1.29,1.85,1.08,
1.35,1.46,1.11,1.35,
1.07,1.39,1.51,1.85,
1.06,1.86,1.66,1.94,
1.96,1.55,1.13,1.41,
1.25,1.15,1.48,1.36,
1.84,1.75,1.42,1.96,
1.5,1.49,1.44,1.41,
1.28,1.13,1.6,1.7,
1.26,1.77,1.21,1.35,
1.98,1.69,1.09,1.17,
1.66,1.48,1.13,1.56,
1.92,1.15,1.78,1.96,
1.97,1.73,1.35,1.67,
1.24,1.62,1.38,1.28,
1.38,1.41,1.48,1.73,
1.34,1.27,1.54,1.81,
1.67,1.70,1.28,1.38,
1.67,1.12,1.5,1.61,
1.33,1.86,1.86,1.73,
1.53,1.23,1.29,1.23,
1.38,1.51,1.33,2,
1.16,1.39,1.72,1.51,
1.97,1.10,1.26,2.01,
1.05,1.30,1.74,1.26,
1.4,1.43,1.46,1.54,
1.54,1.36,1.47,1.24,
1.89,1.68,1.49,1.09,
1.51,1.22,1.3,1.31,
1.07,1.84,1.74,1.46,
1.58,1.62,1.6,1.49,
1.62,1.23,1.7,1.92,
1.32,1.74,1.6,1.68,
1.92,1.20,1.52,1.49,
1.71,1.51,1.13,2.02,
1.1,1.49,1.47,1.66,
1.38,1.35,1.17,1.39,
1.3,1.44,1.68,1.74,
1.33,1.87,1.16,1.55,
1.34,1.38,1.88,1.92,
1.26,1.64,1.51,1.93,
1.17,1.63,1.88,1.43,
1.86,1.66,1.51,1.61,
1.32,1.23,1.8,1.33,
1.3,1.31,1.54,1.68,
1.09,1.19,1.6,2.02,
1.3,1.52,1.11,1.87,
1.57,1.78,1.15,1.43,
1.57,1.88,1.46,1.17,
1.53,1.29,1.11,2,
0.96,1.16,1.56,1.45,
0.95,1.60,1.15,1.36,
1.2,1.40,1.36,1.38,
2.02,1.15,1.55,1.55,
1.7,1.81,1.76,1.99,
1.24,1.53,1.88,2.02,
1.52,1.66,1.5,1.36,
1.38,1.80,1.86,1.41,
1.84,1.79,1.57,1.57,
1.97,1.65,1.18,1.09,
1.24,1.31,1.31,1.25,
1.29,1.34,1.12,1.97,
1.13,1.27,1.86,1.11,
0.99,1.45,1.41,1.18,
1.11,1.26,1.37,1.48,
1.88,1.33,1.71,1.77,
1.64,1.09,1.51,1.34,
1.9,1.30,1.36,1.37,
0.96,1.37,1.48,1.37,
1.96,1.25,1.61,1.91,
1.62,1.83,1.84,1.29,
1.21,1.41,1.22,1.61,
1.74,1.30,1.78,2.03,
1.82,1.47,1.39,1.77,
1.63,1.15,1.34,1.4,
1.42,1.68,1.89,1.81,
1,1.37,1.24,1.99,
1.75,1.23,1.13,1.43,
1.04,1.46,1.42,1.75,
1.33,1.34,1.58,1.15,
1.08,1.75,1.81,1.93,
1.33,1.33,1.73,1.17,
1.77,1.27,1.45,1.43,
1.04,1.63,1.69,1.6,
1.49,1.74,1.15,1.33,
1.54,1.34,1.26,1.7,
1.92,1.33,1.81,1.61,
1.79,1.43,1.19,1.76,
1.02,1.29,1.26,1.42,
1.71,1.60,1.56,1.6,
1.97,1.25,1.44,1.85,
0.96,1.38,1.9,1.85,
1.62,1.71,1.72,1.76,
1.95,1.09,1.26,1.59,
1.57,1.69,1.57,1.72,
1.82,1.58,1.49,1.16,
2.02,1.33,1.21,1.53,
0.99,1.50,1.24,1.9,
1.21,1.81,1.31,1.66,
0.96,1.42,1.09,1.97,
0.97,1.59,1.43,1.33,
1.01,1.65,1.3,1.17,
0.99,1.73,1.39,1.68,
1.01,1.27,1.61,1.17,
1.12,1.33,1.73,1.82,
1.9,1.33,1.12,1.32,
1.43,1.21,1.37,1.59,
1.07,1.22,1.4,1.85,
1.96,1.31,1.63,1.83,
1.27,1.28,1.88,1.55,
1.17,1.25,1.59,2.01,
2.02,1.49,1.88,1.55,
1.2,1.23,1.26,1.34,
1.51,1.27,1.18,1.37,
0.97,1.10,1.74,1.79,
1.17,1.18,1.7,1.5,
1.15,1.54,1.23,1.48,
1.79,1.40,1.25,1.1,
1.78,1.24,1.44,1.37,
1.71,1.63,1.27,1.9,
1.7,1.31,1.33,1.84,
1.68,1.32,1.13,1.79,
1.18,1.22,1.65,1.1,
1.43,1.20,1.7,1.11,
1.51,1.84,1.13,1.38,
1.01,1.20,1.86,1.53,
1.51,1.78,1.33,1.94,
1.02,1.20,1.22,1.45,
1.86,1.14,1.35,1.35,
1.35,1.28,1.79,1.62,
1.53,1.58,1.86,1.95,
2.02,1.80,1.36,1.78,
1.14,1.71,1.19,1.89,
1.11,1.34,1.38,1.25,
1.86,1.29,1.43,1.2,
1.54,1.49,1.57,1.6,
2.04,1.47,1.63,1.74,
2,1.19,1.46,1.99,
1.38,1.35,1.86,1.43,
1.12,1.86,1.5,1.41,
1.02,1.61,1.33,1.57,
1.72,1.53,1.58,1.73,
1.95,1.46,1.56,1.62,
1.3,1.37,1.89,1.77,
1,1.53,1.89,1.44,
1.99,1.21,1.15,1.9,
1.45,1.60,1.85,1.25,
1.86,1.85,1.59,1.38,
1.7,1.33,1.42,1.81,
1.82,1.55,1.9,1.4,
1.2,1.11,1.74,1.71,
1.61,1.83,1.57,1.35,
1.16,1.59,1.29,1.26,
1.29,1.37,1.16,1.37,
1.37,1.67,1.82,1.92,
1.88,1.78,1.28,1.52,
1.72,1.88,1.78,1.29,
1.67,1.54,1.62,1.39,
1.86,1.62,1.83,1.08,
1.36,1.41,1.83,1.8,
1.43,1.88,1.55,1.29,
1.9,1.71,1.33,1.65,
1.1,1.39,1.47,1.1,
1.5,1.76,1.47,1.87,
1.83,1.87,1.22,1.26,
1.66,1.28,1.85,1.08,
1.48,1.72,1.45,1.37,
1.7,1.29,1.82,1.95,
2.02,1.13,1.86,1.33,
1.8,1.62,1.35,1.56,
1.5,1.62,1.84,1.47,
1.64,1.80,1.14,1.36,
1.04,1.35,1.81,1.96,
1.7,1.63,1.4,1.83,
2,1.69,1.8,1.8,
1.26,1.63,1.72,1.58,
1.91,1.24,1.38,1.86,
1.17,1.23,1.27,1.52,
1.39,1.49,1.69,1.52,
1.92,1.74,1.35,1.55,
1.53,1.62,1.55,1.31,
1.01,1.38,1.15,1.96,
1.94,1.70,1.59,1.33,
1.86,1.80,1.72,1.27,
1.48,1.83,1.6,1.31,
1.48,1.87,1.61,1.86,
1.49,1.44,1.18,1.81,
1.18,1.86,1.83,1.49,
1.08,1.49,1.34,1.09,
1.12,1.85,1.74,2.01,
0.99,1.55,1.28,1.21,
1.07,1.17,1.63,1.89,
1.68,1.86,1.6,1.82,
1.83,1.75,1.15,1.97,
1.33,1.61,1.32,1.81,
1.96,1.65,1.17,1.39,
1.27,1.85,1.61,1.3,
1.17,1.74,1.24,1.44,
1.93,1.44,1.24,1.27,
1.26,1.12,1.67,1.76,
1.79,1.73,1.33,1.87,
1.48,1.40,1.89,1.69,
1.93,1.70,1.41,1.26,
1.03,1.15,1.85,1.12,
1.23,1.14,1.26,1.63,
1.96,1.65,1.82,1.52,
1.47,1.25,1.26,1.27,
1.51,1.47,1.2,1.43,
2.01,1.14,1.81,1.59,
1.7,1.75,1.56,1.68,
1.42,1.10,1.15,1.53,
1.78,1.11,1.7,2,
1.17,1.41,1.26,1.12,
2.03,1.54,1.68,1.71,
